title,Category,"price(""$"")",7-day sales,total_sales,total_reviews,7-day reviews,total_favorites,7-day favorites,tags,Ship From,release time,Best Seller,Etsy pick,Raving,store name,product_url
"500+ Mega Lightroom Preset Bundle, Boho Photo Filters for Instagram, Neutral Aesthetic Presets for Influencers, Rustic Moody Photo Presets ",Electronics & Accessories > Cameras & Equipment > Presets & Photo Filters,5.97,91,3605,403,15,1644,26,"Lifestyle Presets,Influencer Presets,Bright Presets,Natural Presets,Instagram Filters,Warm Presets,Aesthetic Presets,Rustic Presets,Photographer Presets,Wedding Presets,Summer Travel Preset,Film Presets,Fall Presets",United States,2023-04-13,yes,no,no,TheWayfarerShoppe,https://www.etsy.com/listing/1460493279/500-mega-lightroom-preset-bundle-boho
"2,000+ Mobile VIDEO Filters | Influencer Video Editing for Instagram Bloggers, LUTS for Lifestyle Vlog, Moody Video Filters for Social Media ",Electronics & Accessories > Cameras & Equipment > Presets & Photo Filters,7.97,77,480,47,1,898,26,"Video Editing,Instagram Reels,TikTok Video Filters,Lifestyle Filters,Blogger Filters,Travel Filters,VN Filters,Influencer Filters,Fashion Filters,Final Cut Pro Lut,Moody Edits,Luxury Filters,Adobe Premier Pro",United States,2022-10-25,yes,no,no,TheWayfarerShoppe,https://www.etsy.com/listing/1318264466/2000-mobile-video-filters-influencer
"120+ Lightroom Preset Bundle | Aesthetic Wedding Presets, Natural Instagram Photo Preset, Warm Golden Hour Professional Photographer Presets ",Electronics & Accessories > Cameras & Equipment > Presets & Photo Filters,5.97,50,517,84,5,624,35,"Dark Skin Presets,Instagram Presets,Preset Bundle,Summer Presets,Aesthetic Presets,Luxury Presets,Natural Presets,Golden Hour Presets,Photographer Presets,Wedding Presets,Elopement Presets,Engagement Presets,Warm Presets",United States,2023-04-13,yes,no,no,TheWayfarerShoppe,https://www.etsy.com/listing/1446286480/120-lightroom-preset-bundle-aesthetic
10 RUSTIC LIGHTROOM mobile & desktop PRESETS | Film Presets | Brown Presets | Cottagecore presets | Bohemian Preset | Retro Moody Presets ,Electronics & Accessories > Cameras & Equipment > Presets & Photo Filters,2.7,34,1322,86,1,915,12,"lightroom presets,warm presets,lightroom mobile,mobile presets,instagram filters,instagram presets,neutral presets,boho presets,moody presets,earthy presets,coffee presets,cottage core preset,aesthetic presets",United States,2023-02-23,yes,no,no,FilAndEllieStudio,https://www.etsy.com/listing/1423614209/10-rustic-lightroom-mobile-desktop
"150+ Film Lightroom Preset Bundle, Retro Boho Presets for Instagram, Vintage Mobile Influencer Preset for Bloggers, Disposable Camera Preset ",Electronics & Accessories > Cameras & Equipment > Presets & Photo Filters,5.97,28,809,80,3,1071,56,"Lifestyle Presets,VSCO Filter,Vintage Presets,Instagram Presets,Influencer Presets,Film Presets,Natural Presets,Flash Presets,Retro Presets,Aesthetic Presets,Film Camera Presets,Analog Presets,Film Preset Bundle",United States,2023-03-24,yes,no,no,TheWayfarerShoppe,https://www.etsy.com/listing/1431950416/150-film-lightroom-preset-bundle-retro
"50+ 35MM FILM Lightroom Mobile & Desktop Preset, Blogger Presets, Film Aesthetic Preset, Vintage Analog Film, Instagram Film Grain Filter ",Electronics & Accessories > Cameras & Equipment > Presets & Photo Filters,2.7,22,154,15,0,232,11,"instagram presets,lightroom presets,mobile presets,film presets,grainy presets,analog preset,35mm presets,retro film preset,film bundle preset,preset bundle,preset collection,fuji presets,kodak presets",United States,2023-05-11,yes,no,no,FilAndEllieStudio,https://www.etsy.com/listing/1465608554/50-35mm-film-lightroom-mobile-desktop
"12 WEDDING Lightroom Presets, Mobile & Desktop Lightroom Presets, Bright Elegant Wedding Presets, Couple Love Preset, Light airy Preset ",Electronics & Accessories > Cameras & Equipment > Presets & Photo Filters,0.98,19,405,36,0,288,4,"wedding presets,wedding preset,wedding filter,lightroom presets,portrait preset,couple preset,professional preset,outdoor preset,boho preset,boho wedding,engagement presets,marriage preset,love couple preset",United States,2023-01-28,yes,no,no,KatherineDream,https://www.etsy.com/listing/1389934156/12-wedding-lightroom-presets-mobile
"14 BOUDOIR Lightroom Presets, Mobile & Desktop Presets, Luxury elegant presets, Lightroom Presets, Instagram Presets, Boudoir photo filter ",Electronics & Accessories > Cameras & Equipment > Presets & Photo Filters,1.68,18,891,48,0,336,5,"boudoir presets,boudoir filter,Lightroom Presets,preset lightroom,desktop presets,moody presets,influencer presets,influencer filter,skin presets,portrait presets,elegant presets,blogger preset,model presets",United States,2022-12-14,yes,no,no,KatherineDream,https://www.etsy.com/listing/1356756126/14-boudoir-lightroom-presets-mobile
"2000+ FILM Lightroom Mobile & Desktop Presets, Film Preset, Vintage Grain Presets, Instagram filter, Analog 35 mm Presets, Aesthetic Retro ",Electronics & Accessories > Cameras & Equipment > Presets & Photo Filters,5.05,16,113,9,0,102,3,"lightroom presets,film presets,influencer filter,lightroom mobile,lifestyle preset,vintage film preset,film preset,retro presets,35mm preset,disposable preset,natural preset,photo presets,analog flash presets",United States,2023-06-20,yes,no,no,KatherineDream,https://www.etsy.com/listing/1507364125/2000-film-lightroom-mobile-desktop
"2000+ LIGHTROOM Presets BUNDLE, Summer Presets, Lifestyle Influencer Blogger Preset, Dark black Blogger Mobile & Desktop Preset, vsco filter ",Electronics & Accessories > Cameras & Equipment > Presets & Photo Filters,5.38,16,10874,656,8,1779,7,"Electronics & Accessories,Cameras & Equipment,Presets & Photo Filters",United States,2023-01-06,yes,no,no,KatherineDream,https://www.etsy.com/listing/1372634996/2000-lightroom-presets-bundle-summer
"15 Lightroom Preset KODAK PORTRA for Mobile and Desktop Vintage Retro Filter, Grain presets, Analog Film Preset for Instagram ",Electronics & Accessories > Cameras & Equipment > Presets & Photo Filters,2.52,16,2260,95,1,1401,14,"kodak presets,fuji presets,film look presets,vintage preset,retro preset,analog preset,lightroom preset,desktop preset,mobile preset,instagram filter,grain preset,photo filter,lightroom mobile",United States,2022-09-24,yes,no,no,VictoriaBeePhoto,https://www.etsy.com/listing/1311489941/15-lightroom-preset-kodak-portra-for
"10 VINTAGE Lightroom mobile & desktop Presets | Moody Presets, Blogger Presets, Warm Brown Presets, Film Presets, Retro Vintage Presets ",Electronics & Accessories > Cameras & Equipment > Presets & Photo Filters,3.7,9,1850,120,1,1635,14,"Brown Presets,Vintage Presets,Vintage filter,Retro Presets,Warm Presets,Wedding Presets,Couple Presets,Lightroom Presets,preset Lightroom,Lightroom mobile,preset filter,Lightroom filter,vsco presets",United States,2022-10-23,yes,no,no,KIINcreations,https://www.etsy.com/listing/1331208605/10-vintage-lightroom-mobile-desktop
Adobe Photoshop for Mac User- 2023 / 2022 ( Read  Description) ,Electronics & Accessories > Computers & Peripherals > Computers,13.5,8,59,18,1,19,1,"adobe,adobe photoshop,adobe photoshop pro,photoshop,photoshop 2023,adobe 2023,mac,adobe photoshop 2023,photoshop for mac,photoshop for apple,adobe for mac,mac user",United States,2023-07-05,yes,no,no,MarrwaadCrreation,https://www.etsy.com/listing/1516666635/adobe-photoshop-for-mac-user-2023-2022
"10 Mobile & Desktop Lightroom Presets HIKING, Travel Presets, Nature Preset, Concert Presets, Preset, Photo presets, Indoor Preset ",Electronics & Accessories > Cameras & Equipment > Presets & Photo Filters,5.79,8,105,20,0,190,7,"Lightroom Presets,presets,presets lightroom,lightroom preset,photo presets,preset lightroom,cinematic presets,Black girl presets,travel presets,nature presets,landscape presets,aesthetic presets,wedding presets",United States,2023-01-17,yes,no,no,123PRESETSCOM,https://www.etsy.com/listing/1395609021/10-mobile-desktop-lightroom-presets
"2000+ Lightroom Presets BUNDLE, Summer Vacation Photo Filter Instagram Bloggers, Neutral Aesthetic Presets for Influencers, Moody Presets ",Electronics & Accessories > Cameras & Equipment > Presets & Photo Filters,5.29,7,204,42,1,142,4,"Lightroom Presets,Mobile Presets,Desktop Presets,instagram filter,photo filters,blogger presets,summer preset,travel presets,aesthetic presets,colorful presets,vibrant presets,preset bundle,clean light preset",United States,2023-05-12,yes,no,no,KatherineDream,https://www.etsy.com/listing/1465995018/2000-lightroom-presets-bundle-summer
"15 THAT GIRL Lightroom Presets, Aesthetic Clean Filter, Natural Tones Presets, Everyday Instagram Editing, Lifestyle Presest ",Electronics & Accessories > Cameras & Equipment > Presets & Photo Filters,2.52,7,635,49,0,526,10,"lightroom presets,that girl presets,aesthetic filter,everyday editing,instagram presets,mobile presets,clean girl preset,photo filter,influencer instagram,blogger preset,bright presets,no filter presets,yoga preset",United States,2023-03-06,yes,no,no,VictoriaBeePhoto,https://www.etsy.com/listing/1432304433/15-that-girl-lightroom-presets-aesthetic
"30 Old Master Background, Vertical portrait background, Portrait studio backdrop, Grunge background, Portrait studio Background Digital JPG ",Electronics & Accessories > Cameras & Equipment > Presets & Photo Filters,6.3,6,304,26,0,326,18,"Digital Backdrops,Digital backgrounds,Studio Overlays,Photoshop overlays,Fine Art Textures,Maternity Overlays,Portrait Texture,Photo editing,Photo Background,Maternity Backdrop,Maternity background,MagicOverlay,Dana Cole Backdrop",United States,2023-05-31,yes,no,no,FOTOFANA,https://www.etsy.com/listing/1479086872/30-old-master-background-vertical
4 ,Electronics & Accessories > Decals & Skins > Laptop > Laptop Decals,4.5,6,380,63,1,238,3,"baritus,catholic,barituscatholic,saint,george,st george,vinyl decal,laptop,car,bottle,sticker,vinyl",United States,2022-10-01,yes,no,no,BaritusCatholic,https://www.etsy.com/listing/1302021314/4-saint-george-slaying-the-dragon-vinyl
"400+ Aesthetic Summer Travel Presets, Lightroom Preset Bundle, Mobile & Desktop Presets, Travel Blogger Photo Editing Filters for Instagram ",Electronics & Accessories > Cameras & Equipment > Presets & Photo Filters,5.97,6,26,5,0,101,1,"Lifestyle Presets,Blogger Presets,Instagram Presets,Influencer Presets,Travel Presets,Bright Presets,Natural Presets,Preset Bundle,Summer Presets,Beach Presets,Vibrant Presets,Outdoor Presets,Photographer Presets",United States,2023-04-13,yes,no,no,TheWayfarerShoppe,https://www.etsy.com/listing/1446288728/400-aesthetic-summer-travel-presets
GI America 540+ wishes AR45+ ,Electronics & Accessories > Video Games > Games,23.39,5,251,43,2,145,12,"reroll,genshin account,primogems,genshin wishes,hutao,ganyu,genshin reroll,genshin na,genshin eu,genshin asia",United States,2023-05-07,yes,no,no,GatchaBunny,https://www.etsy.com/listing/1462541518/gi-america-540-wishes-ar45
"50+ 35MM FILM Lightroom Mobile & Desktop Preset, Blogger Presets, Film Aesthetic Preset, Vintage Analog Film, Instagram Film Grain Filter ",Electronics & Accessories > Cameras & Equipment > Presets & Photo Filters,2.7,4,187,25,2,294,22,"instagram presets,lightroom presets,mobile presets,film presets,grainy presets,analog preset,35mm presets,retro film preset,film bundle preset,preset bundle,preset collection,fuji presets,kodak presets",United States,2023-05-11,yes,no,no,FilAndEllieStudio,https://www.etsy.com/listing/1465608324/50-35mm-film-lightroom-mobile-desktop
Office 365 Professional Plus Lifetime â€“ 5 Device 1 TB OneDrive for Windows and Mac ,Electronics & Accessories > Computers & Peripherals > Computers,11.7,4,315,64,5,148,7,"Office 365,Powerpoint,office 365 lifetime,office 365 key,office,office 365 Mac,office 2021,Microsoft office key,ms office,software,Microsoftoffice 2021,office 365activation,office 365 5 devices",United States,2023-04-23,yes,no,no,MarwadExpress,https://www.etsy.com/listing/1467374139/office-365-professional-plus-lifetime-5
"350+ OUTDOOR Lightroom Presets Bundle, Mobile & Desktop Preset, Moody Mountain Nature Preset, Wanderlust Travel Blogger Preset for Instagram ",Electronics & Accessories > Cameras & Equipment > Presets & Photo Filters,3.5,4,167,23,2,162,14,"Lifestyle Presets,Moody Presets,Travel Presets,Nordic Presets,Mountain Presets,Forest Presets,Instagram Filters,Nature Presets,Cinematic Presets,Rustic Presets,Earthy Presets,Outdoor Presets,wanderlust presets",United States,2023-04-19,yes,no,no,KatherineDream,https://www.etsy.com/listing/1464170219/350-outdoor-lightroom-presets-bundle
GI pick two limited five star characters+wishes ,Electronics & Accessories > Video Games > Games,38.69,4,175,31,1,134,7,"reroll,genshin account,primogems,genshin wishes,hutao,ganyu,genshin reroll,genshin na,genshin eu,genshin asia",United States,2023-05-07,yes,no,no,GatchaBunny,https://www.etsy.com/listing/1462556790/gi-pick-two-limited-five-star
102 BABY BUNDLE Lightroom Presets |  Newborn Preset | Clean Bright Newborn Baby Presets | Natural Newborn Filter | Newborn Baby Skin ,Electronics & Accessories > Cameras & Equipment > Presets & Photo Filters,10.99,4,316,50,2,223,7,"Lightroom Presets,Lightroom Light Airy,Light Airy Filter,Lightroom Newborn,Newborn Filter,Newborn Preset,Baby Skin Preset,Newborn Skin Preset,Baby Preset,Lightroom Baby,Preset Bundle,airy light presets,Baby Bundle Presets",United States,2022-12-10,yes,no,no,GoldieLights,https://www.etsy.com/listing/1353111360/102-baby-bundle-lightroom-presets
Flowing Fabric Maternity Digital Backdrop Overlays Silk Digital Backdrops Photoshop Maternity Digital Backdrop Overlays Silk Fabric Backdrop ,Electronics & Accessories > Cameras & Equipment > Presets & Photo Filters,5.0,4,185,17,0,209,9,"Fine Art Textures,Portrait Texture,Photo Background,Digital backdrops,Studio Portrait,Photoshop overlay,Digital background,Fabric Backdrops,Maternity Backdrops,Flowing Silk,Maternity Background,Dana Cole Backdrops,Backdrop",United States,2023-04-23,yes,no,no,FOTOFANA,https://www.etsy.com/listing/1453075268/flowing-fabric-maternity-digital
70 Tulle Overlays Photoshop Veil Digital Flying Tulle Veil Overlays Tulle Overlays Maternity Session Fabric Overlays Translucent PNG Veil ,Electronics & Accessories > Cameras & Equipment > Presets & Photo Filters,5.0,3,142,13,0,196,8,"Tulle Overlays,Maternity Overlays,Digital Backdrop,Photography Overlays,Digital backdrops,Photo Background,Maternity Photoshop,Flying Fabric,png Overlays,maternity backdrop,Digital Backgrounds,Fabric Maternity,Foliage Tulle",United States,2023-05-07,yes,no,no,FOTOFANA,https://www.etsy.com/listing/1477230283/70-tulle-overlays-photoshop-veil-digital
"250+ WEDDING Lightroom Presets Bundle, Mobile & Desktop Lightroom Presets, Bright Elegant Wedding Presets, Couple Love Preset, Light Preset ",Electronics & Accessories > Cameras & Equipment > Presets & Photo Filters,3.78,3,349,51,2,247,8,"wedding presets,wedding preset,wedding filter,lightroom presets,portrait preset,couple preset,professional preset,outdoor preset,boho preset,boho wedding,engagement presets,marriage preset,love couple preset",United States,2023-03-15,yes,no,no,KatherineDream,https://www.etsy.com/listing/1439208639/250-wedding-lightroom-presets-bundle
"180+ DARK Moody Lightroom Mobile & Desktop Presets, Black summer presets, Dark Outdoor presets, Aesthetic Influencer and Blogger Presets ",Electronics & Accessories > Cameras & Equipment > Presets & Photo Filters,3.78,3,68,14,3,98,8,"Dark Presets,Lightroom Presets,Black Presets,Dark Filter,Influencer Presets,Blogger Presets,Fashion Presets,lifestyle presets,minimal presets,dark aesthetic,Moody Presets,Aesthetic Presets,Mobile Presets",United States,2023-07-03,yes,no,no,KatherineDream,https://www.etsy.com/listing/1515948245/180-dark-moody-lightroom-mobile-desktop
"DIGITAL DOWNLOAD | To Print at DecalGirl.com, not at home | NOT a .svg Cut File | Pink and Orange Checkered ",Electronics & Accessories > Decals & Skins > Laptop > Laptop Skins,4.0,3,209,63,1,317,5,"kindle,kindle paperwhite,kindle oasis,oasis,amazon,e-reader,bookstagram,booktok,custom kindle",United States,2023-04-08,yes,no,no,TheLitHomebody,https://www.etsy.com/listing/1457191375/digital-download-to-print-at
17 Kodak Film Presets & LUTs Color Grading | Photo and Video | Mobile and Desktop | Video Presets | Lightroom | Premiere Pro | Final Cut Pro ,Electronics & Accessories > Cameras & Equipment > Presets & Photo Filters,11.55,3,296,24,0,495,9,"Luts,Cinematic Luts,Premiere pro luts,cinema luts,fcp luts,cine luts,film presets,iphone luts,kodak luts,kodak presets,final cut luts,cine presets",United States,2022-11-01,yes,no,no,ELITEPRESETSCOM,https://www.etsy.com/listing/1322750660/17-kodak-film-presets-luts-color-grading
20 Cinematic LUTs Video Presets | Photo and Video | Mobile & Desktop | Video Presets | Lightroom | Premiere Pro | Lumafusion| Final Cut Pro ,Electronics & Accessories > Cameras & Equipment > Presets & Photo Filters,10.44,3,260,21,0,370,10,"Luts,Cinematic Luts,Premiere pro luts,video filters,cinema luts,fcp luts,cinematic video,cine luts,iphone luts,cinematic presets,Cinematic filter,final cut luts,cine presets",United States,2022-11-09,yes,no,no,ELITEPRESETSCOM,https://www.etsy.com/listing/1328440916/20-cinematic-luts-video-presets-photo
"90 Moody dark Lightroom presets bundle for mobile & desktop, black presets bundle, preset pack, portrait filters, dark preset, moody presets ",Electronics & Accessories > Cameras & Equipment > Presets & Photo Filters,11.2,3,283,23,0,324,11,"lightroom presets,preset bundle,moody presets,dark and moody,black presets,instagram presets,blogger presets,preset pack,mobile and desktop,vsco presets,cinematic presets,gym presets,portrait filters",United States,2022-09-29,yes,no,no,CinematicTonesStudio,https://www.etsy.com/listing/1314990135/90-moody-dark-lightroom-presets-bundle
"150 Lightroom Preset Bundle | Bright and Airy Presets, Wedding Photographer Presets, Warm Boho Presets, Elopement Lightroom Desktop Presets ",Electronics & Accessories > Cameras & Equipment > Presets & Photo Filters,5.97,3,55,13,0,196,9,"Lifestyle Presets,Photo Editing,Instagram Filters,Cinematic Presets,Outdoor Presets,Wedding Presets,Photographer Presets,Elopement Presets,Couple Presets,Engagement Presets,Bright Presets,Desktop Presets,Preset Bundle",United States,2023-04-13,yes,no,no,TheWayfarerShoppe,https://www.etsy.com/listing/1460499619/150-lightroom-preset-bundle-bright-and
"120 Mobile & Desktop LIGHTROOM Presets, Natural Preset, Vsco Filters, Fashion Blogger Presets, Mobile Presets, Instagram Filters, Dng Preset ",Electronics & Accessories > Cameras & Equipment > Presets & Photo Filters,5.76,2,575,95,4,1107,56,"lr presets,lightroom presets,beige presets,warm presets,natural presets,blogger presets,lightroom mobile,mobile presets,instagram filters,fashion presets,brown presets,instagram presets,neutral presets",United States,2023-02-23,yes,no,no,FilAndEllieStudio,https://www.etsy.com/listing/1409429790/120-mobile-desktop-lightroom-presets
"10 Floral Fine Art Portrait Texture, Photography Digital Background, Photoshop Overlays editing, Maternity Textures overlays,  Photo Overlay ",Electronics & Accessories > Cameras & Equipment > Presets & Photo Filters,5.0,2,0,19,0,536,10,"Fine Art Textures,Portrait Texture,Photo editing,Textures overlays,Photo Background,Digital backdrops,Studio Portrait,Photoshop overlay,Digital background,Fine art,Floral Overlays,Maternity Overlays,Shades Of Drops",United States,2023-02-23,yes,no,no,NBDigitalArt,https://www.etsy.com/listing/1409485950/10-floral-fine-art-portrait-texture
"120+ Lightroom Preset Bundle | Moody and Rich Presets, Dark Photographer Presets, Boho Wedding Presets, Vintage Lightroom Mobile Presets ",Electronics & Accessories > Cameras & Equipment > Presets & Photo Filters,5.97,2,73,5,2,88,11,"Photo Editing,Moody Presets,Instagram Filters,Cinematic Presets,Rustic Presets,Earthy Presets,Outdoor Presets,Wedding Presets,Photographer Presets,Elopement Presets,Couple Presets,Engagement Presets,Vintage Presets",United States,2023-04-13,yes,no,no,TheWayfarerShoppe,https://www.etsy.com/listing/1446293850/120-lightroom-preset-bundle-moody-and
GI Pick one limited 5 star character+ bonus wishes!! ,Electronics & Accessories > Video Games > Games,17.98,2,174,22,1,111,12,"reroll,genshin account,primogems,genshin wishes,hutao,ganyu,genshin reroll,genshin na,genshin eu,genshin asia",United States,2023-05-07,yes,no,no,GatchaBunny,https://www.etsy.com/listing/1462548288/gi-pick-one-limited-5-star-character
DITTO SHINY 6IV Japanese Masuda POKEMON Scarlet and Violet Sword and Shield Brilliant Diamond & Shining Pearl // Pick Any Nature! Fast Trade ,Electronics & Accessories > Video Games,3.99,2,793,138,1,169,0,"Ditto,Shiny Ditto,Japanese Ditto,6IV Ditto,Brilliant Diamond,Shining Pearl,Shiny 6IV Ditto,Masuda Ditto",United States,2022-11-25,yes,no,no,BreadsPokemart,https://www.etsy.com/listing/1340833198/ditto-shiny-6iv-japanese-masuda-pokemon
"1000+ Lightroom presets bundle for mobile & desktop, presets bundle, preset pack, cinematic presets, Lightroom bundle, preset collection ",Electronics & Accessories > Cameras & Equipment > Presets & Photo Filters,11.76,2,302,34,0,321,4,"preset bundle,mobile presets,desktop presets,cinematic presets,green preset,blue preset,black preset,photography presets,Lightroom presets,instagram filters,presets bundle,preset pack,Lightroom bundle",United States,2022-10-03,yes,no,no,CinematicTonesStudio,https://www.etsy.com/listing/1317352925/1000-lightroom-presets-bundle-for-mobile
Football Professional Backdrop - Photography  | LIGHTNING FOOTBALL | Photoshop Backdrops and Overlays | High-Resolution 8K Download ,Electronics & Accessories > Cameras & Equipment > Presets & Photo Filters,9.34,2,107,5,1,107,13,"Sports Background,Digital Backdrops,Photography Backdrop,Photo Templates,Composite Photo,Photoshop Overlays,High Resolution,Stadium Images,Team Photos,Football Stadium,Athletic Backgrounds,Player Posters,Team Photography",United States,2023-01-29,yes,no,no,ActionBackdrops,https://www.etsy.com/listing/1391196502/football-professional-backdrop
Flower Foliage Ring Overlays Floral Circle Halo Overlays Maternity Backdrop Overlays Studio Backdrops Fine Art Textures Digital Backdrop PNG ,Electronics & Accessories > Cameras & Equipment > Presets & Photo Filters,5.0,2,185,18,0,190,3,"Floral Ring Overlay,Floral Hoop,Fine Art Textures,Photoshop Overlays,Halo Maternity,Digital Textures,Floral Overlays,Maternity Overlays,Photoshop overlay,Digital backdrops,Floral Frame Overlay,Digital background,Shades Of Drops",United States,2023-04-09,yes,no,no,FOTOFANA,https://www.etsy.com/listing/1443322968/flower-foliage-ring-overlays-floral
20 HEY BABY Lightroom Presets |  Newborn Baby Light Airy Preset | Clean Bright Toddler Child Presets | Natural Filter | Newborn Baby Skin ,Electronics & Accessories > Cameras & Equipment > Presets & Photo Filters,4.99,2,424,62,1,400,3,"Lightroom Presets,Lightroom Light Airy,Light Airy Filter,Newborn Presets,Lightroom Newborn,Newborn Filter,Newborn Preset,Baby Skin Preset,Newborn Skin Preset,Baby Preset,Lightroom Baby,Toddler Child Preset,airy light presets",United States,2022-11-28,yes,no,no,GoldieLights,https://www.etsy.com/listing/1357155253/20-hey-baby-lightroom-presets-newborn
"60 Movie Cinematic Film LUTs Pack for Color Grading | Video Filters, Video Presets | Premiere Pro, DaVinci Resolve,Final Cut,Cinematic Lut ",Electronics & Accessories > Cameras & Equipment > Presets & Photo Filters,2.9,2,127,9,0,113,10,"cinematic video,cinematic film lut,video presets,video filters,Premiere Pro,filters for video,film luts,mobile video,moody luts,cinematic presets,Color Grading,Video Luts Pack,Final Cut Luts",United States,2023-03-19,yes,no,no,MaliPresetStudio,https://www.etsy.com/listing/1427618154/60-movie-cinematic-film-luts-pack-for
"75 Cinematic Film Grade LUTs Pack for Color Grading | Video and Photo Mobile & Desktop | Premiere Pro, DaVinci Resolve,Final Cut, Photoshop ",Electronics & Accessories > Cameras & Equipment > Presets & Photo Filters,2.9,1,269,30,1,178,1,"cinematic lut,luts pack,color grading,adobe premiere pro,video filters,iPhone presets,cinematic presets,final cut presets,film luts,mobile video,moody luts,cinematic film lut,filters for video",United States,2023-03-09,yes,no,no,MaliPresetStudio,https://www.etsy.com/listing/1434296927/75-cinematic-film-grade-luts-pack-for
"200 Sparkler Overlays, New Years Eve Spark Light Overlay, Bokeh Photoshop Overlay, Wedding Overlay, Birthday Overlay, Graduation Overlay ",Electronics & Accessories > Cameras & Equipment > Presets & Photo Filters,4.0,1,200,20,1,66,2,"sparkler overlay,new years eve,light overlay,bokeh photoshop,photoshop sparkle,sparkle overlay,wedding overlay,christmas overlay,new years overlay,birthday overlay,bokeh light overlay,sparkle light,sparkler new year",United States,2023-04-21,yes,no,no,MikeDigitalArts,https://www.etsy.com/listing/1466222021/200-sparkler-overlays-new-years-eve
"Scarlet Violet Shiny 6IV CUSTOM BATTLE-READY Pokemon / Choose Pokemon, Shiny, Level, EVs, Nature, Ability, Moves, Item, Ball, Trainer +More ",Electronics & Accessories > Video Games,5.99,1,193,26,0,89,2,"Ditto,Scarlet Shinies,Violet Shinies,Scarlet Shiny,Violet Shiny",United States,2022-12-19,yes,no,no,BreadsPokemart,https://www.etsy.com/listing/1360681972/scarlet-violet-shiny-6iv-custom-battle
neutral moody Lightroom mobile and desktop presets |vintage presets |beach presets |travel presets |instagram presets |film presets |natural ,Electronics & Accessories > Cameras & Equipment > Presets & Photo Filters,2.5,1,195,10,0,157,5,"lightroom presets,mobile and desktop,vintage presets,beach presets,travel presets,instagram presets,film presets,natural presets,neutral presets,moody presets,cool presets,dark presets,vacation presets",United States,2023-01-08,yes,no,no,simplifypresets,https://www.etsy.com/listing/1374364566/neutral-moody-lightroom-mobile-and
Mug mockup model blank mug mockups winter white coffee mug mock up blank mug mockups product mock up woman holding mug mockup photos 11 oz ,Electronics & Accessories > Cameras & Equipment > Cameras,0.75,1,68,9,2,28,6,"styled photography,lifestyle mockup,mug mockup,coffee mug mockup,11oz mug mockup,coffee cup mockup,mug mock up,white mug mockup,coffee mug mock up,coffee cup mock up,fall mockup,winter mug mockup,model mockups fall",United States,2023-05-28,yes,no,no,MockstarBoutique,https://www.etsy.com/listing/1491403061/mug-mockup-model-blank-mug-mockups
"12 Aesthetic Lightroom Presets | Mobile + Desktop | Fashion, Minimalist, Moody, Noir | Blogger and Instagram Preset | Plus Adobe Camera Raw ",Electronics & Accessories > Cameras & Equipment > Presets & Photo Filters,1.8,1,355,19,0,340,4,"Aesthetic Presets,Influencer Presets,Instagram Presets,Minimalist Presets,Luxury Presets,Aesthetic Filter,Lightroom presets,Mobile Presets,VSCO Filter,Lifestyle presets,Dark presets,ig filter,Minimalist Muted",United States,2022-10-25,yes,no,no,NYXPresets,https://www.etsy.com/listing/1332486681/12-aesthetic-lightroom-presets-mobile
Silver and Golden Maternity Rings Circle Overlays Maternity Light Ring Frame Circles Shine Ring Light Maternity Maternity Digital Backdrop ,Electronics & Accessories > Cameras & Equipment > Presets & Photo Filters,5.0,1,116,12,0,92,5,"Golden Overlays,maternity rings,Digital Backdrop,Light Frame,Golden Circle,Photography Overlays,Digital backdrops,Photo Background,Maternity Photoshop,Studio Maternity,Maternity Light Ring,gold ring circles,shine ring effect",United States,2023-04-24,yes,no,no,FOTOFANA,https://www.etsy.com/listing/1467607297/silver-and-golden-maternity-rings-circle
MEW Shiny or Nonshiny 6IV / Mewtwo Tera Raid COUNTER / Pokemon Scarlet and Violet / EV Trained +Any Item or Tera / Customizable / Fast Trade ,Electronics & Accessories > Video Games,3.99,0,0,4,0,9,0,"6IV,Mewtwo,Mewtwo Raid,Mew,Tera Raid,Mewtwo Counters,Counter Mew,Tera Type Mew",United States,2023-08-31,yes,no,no,BreadsPokemart,https://www.etsy.com/listing/1542286698/mew-shiny-or-nonshiny-6iv-mewtwo-tera
"65+ Lightroom presets car bundle for mobile & desktop, car presets, automotive presets, car photo filters, auto presets, auto filters ",Electronics & Accessories > Cameras & Equipment > Presets & Photo Filters,11.2,0,100,8,0,91,2,"dark presets,car presets,automotive presets,mobile and desktop,instagram car,presets bundle,lightroom presets,car photo filters,moody cars presets,black car presets,auto filters,auto presets pack",United States,2023-01-10,yes,no,no,CinematicTonesStudio,https://www.etsy.com/listing/1389733939/65-lightroom-presets-car-bundle-for
Pokemon Scarlet and Violet ASH GRENINJA Battle Bond Event / Competitive Set Battle Ready with Max Stats + EVs / Customizable / Fast Trade ,Electronics & Accessories > Video Games,3.99,0,19,5,1,42,4,"Scarlet and Violet,Greninja,Ash Greninja,Froakie,Frogadier,Chesnaught,Delphox,Battle Bond Greninja,6IV Greninja,Competitive Greninja,Event Greninja",United States,2023-06-11,yes,no,no,BreadsPokemart,https://www.etsy.com/listing/1500665465/pokemon-scarlet-and-violet-ash-greninja
"120+ Lightroom Preset Bundle | Earthy Presets, Photographer Desktop Presets, Engagement Couple Presets, Wedding Lightroom Mobile Presets ",Electronics & Accessories > Cameras & Equipment > Presets & Photo Filters,5.97,0,139,20,0,145,0,"Lifestyle Presets,Photo Editing,Moody Presets,Instagram Filters,Cinematic Presets,Rustic Presets,Earthy Presets,Outdoor Presets,Wedding Presets,Photographer Presets,Elopement Presets,Couple Presets,Engagement Presets",United States,2023-04-13,yes,no,no,TheWayfarerShoppe,https://www.etsy.com/listing/1460499497/120-lightroom-preset-bundle-earthy
"DIGITAL DOWNLOAD | To Print at DecalGirl.com, not at home | NOT a .svg Cut File | Colorful Daisies ",Electronics & Accessories > Decals & Skins > Laptop > Laptop Skins,4.0,0,41,14,1,106,5,"kindle,kindle paperwhite,kindle oasis,oasis,amazon,e-reader,bookstagram,booktok,custom kindle",United States,2023-07-13,yes,no,no,TheLitHomebody,https://www.etsy.com/listing/1521945115/digital-download-to-print-at
"15 Warm Summer Mobile Lightroom Presets, Golden Photographer Photo Editing Desktop Presets for Instagram, Aesthetic Presets for Influencers ",Electronics & Accessories > Cameras & Equipment > Presets & Photo Filters,1.49,0,0,14,1,134,3,"Summer Presets,Lifestyle Presets,Photo Editing,Blogger Presets,Travel Presets,Golden Presets,Honey Presets,Sunshine Presets,Warm Presets,Dark Skin Presets,Desktop Presets,Rustic Presets,Aesthetic Presets",United States,2023-06-06,yes,no,no,TheWayfarerShoppe,https://www.etsy.com/listing/1483520568/15-warm-summer-mobile-lightroom-presets
NA/EU/Asia HSR reroll starter lvl35+ ,Electronics & Accessories > Video Games > Games,17.98,0,250,35,0,80,0,"reroll,genshin account,primogems,genshin na,genshin eu,genshin asia,Honkai star rail,Clara,Himeko,Welt,Bailu,Gepard,Yinqing",United States,2023-05-07,yes,no,no,GatchaBunny,https://www.etsy.com/listing/1462561930/naeuasia-hsr-reroll-starter-lvl35
"18 MOODY Mobile Lightroom Presets, WARM & MOODY Presets, Photographer Desktop Presets, Warm Preset For Blogger, Editing Filter for Instagram ",Electronics & Accessories > Cameras & Equipment > Presets & Photo Filters,1.2,0,1323,91,1,632,5,"Mobile Presets,Photographer Presets,Desktop Presets,Warm Blogger Preset,Moody Editing Filter,Fall Theme,Warm Presets,Moody Presets,outdoor presets,rustic presets,wedding preset,wanderlust presets,dark earthy presets",United States,2022-12-09,yes,no,no,KatherineDream,https://www.etsy.com/listing/1366621747/18-moody-mobile-lightroom-presets-warm
"16 LIGHTROOM Presets, Travel Blogger Presets, Spring Mobile & Desktop Presets, Vibrant Filters for Travelers, Summer Presets for Vacation ",Electronics & Accessories > Cameras & Equipment > Presets & Photo Filters,1.68,0,539,35,0,223,3,"travel preset,vacation presets,mobile presets,influencer presets,wanderlust presets,vibrant presets,summer presets,lightroom presets,outdoor presets,lifestyle presets,blogger presets,spring presets,vacay preset",United States,2023-03-08,yes,no,no,KatherineDream,https://www.etsy.com/listing/1419585842/16-lightroom-presets-travel-blogger
"10 Wedding Lightroom Mobile & Desktop Presets, Couple Photography Presets, Light Airy Presets, Wedding Photography, Bright Elegant Presets ",Electronics & Accessories > Cameras & Equipment > Presets & Photo Filters,4.95,0,161,6,0,105,4,"wedding presets,best wedding presets,wedding filters,couples photography,desktop presets,presets for weddings,professional presets,lightroom presets,lightroom mobile,aesthetic presets,warm presets,creamy presets,wedding photography",United States,2023-05-07,yes,no,no,SublimePresets,https://www.etsy.com/listing/1476907093/10-wedding-lightroom-mobile-desktop
"15 Sunset Presets Mobile Lightroom Presets, Outdoor Preset, Vibrant Lightroom Presets for Bloggers, Aesthetic Lifestyle Preset for Instagram ",Electronics & Accessories > Cameras & Equipment > Presets & Photo Filters,1.49,0,277,32,1,387,12,"Summer Presets,Lifestyle Presets,Photo Editing,Beach Presets,Blogger Presets,Travel Presets,Pastel Presets,Instagram Presets,Instagram Filters,Spring Presets,Natural Presets,Sunset Presets,Aesthetic Presets",United States,2023-03-01,yes,no,no,TheWayfarerShoppe,https://www.etsy.com/listing/1428594981/15-sunset-presets-mobile-lightroom
"Gone Fishing License Plate Png for Sublimation Printing, Vibrant Fish License Plate Png, Digital Downloads ",Electronics & Accessories > Car Parts & Accessories > Car Accessories > License Plates,2.75,0,144,5,0,100,0,"license plate png,license plate art,front license plate,license plate sign,Sublimation print,Digital download,Gone fishing,fishing png,fishing sublimation,bass fishing,lake life png,retired gone fishing,gone fishin",United States,2023-01-17,yes,no,no,PLFJDigitalDesigns,https://www.etsy.com/listing/1381424784/gone-fishing-license-plate-png-for
"Shiny 6IV CUSTOM Scarlet & Violet EGG Hatch-your-own Shiny Pokemon // Choose Pokemon, Ability, Moves, Nature, Item, Ball +More // Fast Trade ",Electronics & Accessories > Video Games,5.99,0,213,31,0,84,0,"Ditto,Shiny Egg,Scarlet Shinies,Violet Shinies,Scarlet Shiny,Violet Shiny",United States,2022-12-17,yes,no,no,BreadsPokemart,https://www.etsy.com/listing/1358625748/shiny-6iv-custom-scarlet-violet-egg
"250+ WEDDING Presets, Lightroom Preset Bundle, Aesthetic Wedding Presets, Natural Instagram Photo Preset, Professional Photographer Presets ",Electronics & Accessories > Cameras & Equipment > Presets & Photo Filters,3.78,0,0,6,0,73,0,"Instagram Presets,Preset Bundle,Summer Presets,Aesthetic Presets,Natural Presets,Photographer Presets,Wedding Presets,Elopement Presets,Engagement Presets,Warm Presets,couple presets,rustic presets,love presets",United States,2023-06-07,yes,no,no,KatherineDream,https://www.etsy.com/listing/1483839764/250-wedding-presets-lightroom-preset
Pet Simulator X - 100B GEMS ,Electronics & Accessories > Video Games > Games,1.32,0,175,21,1,23,0,"Electronics & Accessories,Video Games,Games",United States,2023-02-26,yes,no,no,shopbrendenn,https://www.etsy.com/listing/1411425418/pet-simulator-x-100b-gems
"15 Earthy Tone Presets | Boho Style, Cinematic Nature & Moody Vibes | Aesthetic Tropical | Photo Editing | Lightroom | Mobile and Desktop ",Electronics & Accessories > Cameras & Equipment > Presets & Photo Filters,5.24,0,139,6,0,69,9,"desktop presets,instagram filters,lightroom presets,wedding presets,brown presets,bohemian presets,moody vibes,cinematic nature,Lightroom mobile,natural presets,pure love presets,earthy tones,travel tropical",United States,2023-05-28,yes,no,no,ELITEPRESETSCOM,https://www.etsy.com/listing/1477144926/15-earthy-tone-presets-boho-style
"DIGITAL DOWNLOAD | To Print at DecalGirl.com, not at home | NOT a .svg Cut File | Green Checkered ",Electronics & Accessories > Decals & Skins > Laptop > Laptop Skins,4.0,0,165,46,0,241,4,"kindle,kindle paperwhite,kindle oasis,oasis,amazon,e-reader,bookstagram,booktok,custom kindle",United States,2023-03-12,yes,no,no,TheLitHomebody,https://www.etsy.com/listing/1422387372/digital-download-to-print-at
"20 Mobile & Desktop LIGHTROOM Presets, Natural Preset, Fashion Presets, Mobile Presets, Instagram Filters, Aesthetic Presets, Minimal Preset ",Electronics & Accessories > Cameras & Equipment > Presets & Photo Filters,2.39,0,455,34,1,522,27,"Lifestyle Presets,VSCO Filter,Photo Filters,Vanilla Presets,Beige Presets,Blogger Presets,Instagram Presets,Neutral Presets,Natural Presets,Influencer Presets,Moody Presets,Boho Presets,Aesthetic Presets",United States,2023-04-24,yes,no,no,FilAndEllieStudio,https://www.etsy.com/listing/1467628679/20-mobile-desktop-lightroom-presets
"25 Film Mobile Lightroom Presets, Retro Boho Presets for Instagram, Vintage Mobile Influencer Preset for Bloggers, Disposable Camera Preset ",Electronics & Accessories > Cameras & Equipment > Presets & Photo Filters,2.97,0,192,24,0,452,22,"Lifestyle Presets,Photo Editing,VSCO Filter,Vintage Presets,Instagram Presets,Influencer Presets,Film Presets,Natural Presets,Flash Presets,Retro Presets,Aesthetic Presets,Film Camera Presets,Analog Presets",United States,2023-03-24,yes,no,no,TheWayfarerShoppe,https://www.etsy.com/listing/1446153625/25-film-mobile-lightroom-presets-retro
"400+ SUMMER PRESETS, Lightroom Mobile Presets, Summer Presets, Desktop Presets, Instagram Blogger Lifestyle filter, Travel Presets, beach ",Electronics & Accessories > Cameras & Equipment > Presets & Photo Filters,5.76,0,57,5,3,105,5,"beach presets,blogger presets,bright presets,influencer presets,instagram presets,lifestyle presets,outdoor presets,photographer presets,preset bundle,summer presets,travel presets,vibrant presets,film presets",United States,2023-06-21,yes,no,no,FilAndEllieStudio,https://www.etsy.com/listing/1507727663/400-summer-presets-lightroom-mobile
"Ai Masking Lightroom Presets (20) - Mobile/Desktop, Ai Auto Detection/Selection, Brushes, Photo Retouching, Speed up Workload ",Electronics & Accessories > Cameras & Equipment > Presets & Photo Filters,15.0,0,3,8,1,97,11,"Lightroom Presets,Mobile Presets,Lightroom Brushes,Photo retouching,Portrait weddings,product shots,senior photos,Engagement landscape,smooth skin desktop,Ai selection,Ai powered detection,Lightroom Brush Pack,ai masking free",United States,2023-07-17,yes,no,no,Jakesout,https://www.etsy.com/listing/1510696406/ai-masking-lightroom-presets-20
10 CLASSY Lightroom mobile & desktop Presets | Aesthetic Influencer Presets | Minimal Presets | Creator Presets | Elegant Luxury Presets ,Electronics & Accessories > Cameras & Equipment > Presets & Photo Filters,3.7,0,156,8,0,137,3,"Luxury Presets,Mobile Presets,Preset Filter,Lightroom Filter,Influencer Presets,Instagram Filter,Lightroom Presets,Preset Lightroom,aesthetic presets,minimal presets,vsco presets,desktop presets,best presets",United States,2023-03-29,yes,no,no,KIINcreations,https://www.etsy.com/listing/1435541414/10-classy-lightroom-mobile-desktop
10 BLACK Lightroom mobile & desktop Presets | Dark Aesthetic Influencer Presets | Minimal Blogger Presets | Moody Instagram Filter | ,Electronics & Accessories > Cameras & Equipment > Presets & Photo Filters,3.7,0,677,40,0,506,4,"MOODY PRESETS,Dark Presets,Dark Aesthetic,Lightroom Presets,preset Lightroom,Black Presets,Dark Filter,Influencer Presets,Blogger Presets,Lightroom Filter,Lightroom Mobile,Fashion Presets,Desktop Presets",United States,2022-11-08,yes,no,no,KIINcreations,https://www.etsy.com/listing/1341670727/10-black-lightroom-mobile-desktop
"25 Film Mobile Lightroom Presets, Retro Boho Presets for Instagram, Vintage Mobile Influencer Preset for Bloggers, Disposable Camera Preset ",Electronics & Accessories > Cameras & Equipment > Presets & Photo Filters,1.49,0,1668,127,0,1049,1,"Lifestyle Presets,Photo Editing,VSCO Filter,Vintage Presets,Instagram Presets,Influencer Presets,Film Presets,Natural Presets,Flash Presets,Retro Presets,Aesthetic Presets,Film Camera Presets,Analog Presets",United States,2022-11-10,yes,no,no,TheWayfarerShoppe,https://www.etsy.com/listing/1343210697/25-film-mobile-lightroom-presets-retro
"DIGITAL DOWNLOAD | To Print at DecalGirl.com, not at home | NOT a .svg Cut File | Pink Groovy Checkered ",Electronics & Accessories > Decals & Skins > Laptop > Laptop Skins,4.0,0,54,15,0,169,2,"kindle,kindle paperwhite,kindle oasis,oasis,amazon,e-reader,bookstagram,booktok,custom kindle",United States,2023-03-12,yes,no,no,TheLitHomebody,https://www.etsy.com/listing/1436604697/digital-download-to-print-at
"WEDDING LIGHTROOM PRESETS, Bright White Wedding Presets, Lightroom Mobile Desktop Presets, Professional Couple Photography Presets Filters ",Electronics & Accessories > Cameras & Equipment > Presets & Photo Filters,3.0,0,109,12,0,170,1,"wedding presets,bright clean presets,light airy presets,white presets,professional presets,lightroom presets,lightroom mobile,mobile presets,presets lightroom,instagram presets,blogger presets,engagement presets,2023 presets",United States,2022-11-09,yes,no,no,artmyhouse,https://www.etsy.com/listing/1342392889/wedding-lightroom-presets-bright-white
"Custom 3D Design, Modeling, + Printing. Anything You Can Think Of: Lowest Cost 3D Designing, 3D Rendering & 3D Models ",Electronics & Accessories > Maker Supplies > 3D Printing & Machining,90.0,0,62,11,0,6,1,"3d design,custom 3d design,3d designing,3d design service,3d model,custom 3d model,custom molds,3d designer,3d designers,3d design custom,custom 3d designing,3d designing service,custom 3d designers",United States,2023-04-10,yes,no,no,3DPrintCustomz,https://www.etsy.com/listing/1458081771/custom-3d-design-modeling-printing
"Project Sekai EN Reroll Account 70-86k+ Gems, Fresh Start. Perfect for beginners! ",Electronics & Accessories > Video Games > Games,12.53,0,68,4,0,78,5,"project sekai,project sekai reroll,hatsune miku,vocaloid,pj sekai,colorful stage,pjsekai,miku,len kagamine,kagamine rin,megurine luka,project sekai en,project sekai ena",United States,2023-06-03,yes,no,no,Idolstarters,https://www.etsy.com/listing/1481154390/project-sekai-en-reroll-account-70-86k
"2000+ MEGA Lightroom PRESET Bundle, Summer Preset Filter Instagram Bloggers, Natural Moody Presets, Travel Aesthetic Presets for Influencers ",Electronics & Accessories > Cameras & Equipment > Presets & Photo Filters,5.46,0,94,36,0,92,8,"Neutral Presets,Desktop Presets,Bright Presets,Clean Presets,Instagram Presets,Instagram Filter,iPhone Presets,Lightroom Presets,Mobile Presets,Natural Presets,Photo Filters,VSCO Filters,White Presets",United States,2023-06-18,yes,no,no,KatherineDream,https://www.etsy.com/listing/1506028437/2000-mega-lightroom-preset-bundle-summer
"15 Aesthetic Summer Travel Mobile Lightroom Presets, Beach Preset For Blogger Lifestyle, Natural Instagram Filter Bright Influencer Presets ",Electronics & Accessories > Cameras & Equipment > Presets & Photo Filters,1.49,0,51,7,1,130,14,"Lifestyle Presets,Photo Editing,Blogger Presets,Instagram Presets,Vibrant Presets,Island Presets,Best Presets,Beach Presets,Summer Presets,Travel Presets,Bright Presets,Aesthetic Presets,Vintage Presets",United States,2023-06-06,yes,no,no,TheWayfarerShoppe,https://www.etsy.com/listing/1497706619/15-aesthetic-summer-travel-mobile
"20 BOUDOIR Mobile & Desktop Lightroom Presets, Warm Boudoir filter, True Color, Instagram Presets, Bright Boudoir photo filter, Lingerie ",Electronics & Accessories > Cameras & Equipment > Presets & Photo Filters,4.3,0,4,7,2,38,2,"boudoir presets,warm filters,warm and moody,warm moody,elegant presets,luxury presets,preset bundle,preset lightroom,mobile and desktop,moody boudoir,warm boudoir,moody filters,lightroom boudoir",United States,2023-06-26,yes,no,no,CarolineGilbodyPhoto,https://www.etsy.com/listing/1511382383/20-boudoir-mobile-desktop-lightroom
15 FILM 35 MM Lightroom Mobile & Desktop Presets | Film Aesthetic Presets | Classic Film Preset | Analog 35 mm Presets | Grain Filter ,Electronics & Accessories > Cameras & Equipment > Presets & Photo Filters,2.4,0,990,64,5,624,9,"35 mm presets,analog presets,film presets,lightroom presets,mobile presets,grain presets,kodak presets,fuji presets,Agfa presets,classic presets,film aesthetic,vintage presets,retro presets",United States,2023-02-07,yes,no,no,VictoriaBeePhoto,https://www.etsy.com/listing/1397919706/15-film-35-mm-lightroom-mobile-desktop
"14 LIGHTROOM Presets, Mobile & Desktop Presets, Health Fitness Presets, Girl Instagram Preset, Yoga Blogger Preset, Influencer vsco filter ",Electronics & Accessories > Cameras & Equipment > Presets & Photo Filters,1.2,0,323,19,1,231,3,"Lightroom Presets,Natural Presets,Aesthetic Presets,influencer presets,blogger presets,Instagram filter,mobile lightroom,lifestyle presets,Girl Presets,Yoga fitness filter,tik tok photo filter,neutral bright clean,health presets",United States,2023-02-09,yes,no,no,KatherineDream,https://www.etsy.com/listing/1413598875/14-lightroom-presets-mobile-desktop
"500+ Mega Lightroom Preset Bundle, Golden Photo Filter Instagram Bloggers, Neutral Aesthetic Presets for Influencers, Warm Boho Presets ",Electronics & Accessories > Cameras & Equipment > Presets & Photo Filters,5.97,0,63,12,0,90,9,"Summer Presets,Lifestyle Presets,Blogger Presets,Influencer Presets,Bright Presets,Natural Presets,Instagram Filters,Warm Presets,Travel Presets,Aesthetic Presets,Rustic Presets,Spring Presets,Photographer Presets",United States,2023-04-13,yes,no,no,TheWayfarerShoppe,https://www.etsy.com/listing/1460493373/500-mega-lightroom-preset-bundle-golden
50+ FALL FILM Retro Lightroom Mobile & Desktop Presets | Autumn Presets | Film Preset | 35 mm | Warm Fall Photo Editing Filter | Halloween ,Electronics & Accessories > Cameras & Equipment > Presets & Photo Filters,2.7,0,54,5,0,175,44,"fall preset bundle,aesthetic presets,autumn presets,earthy presets,fall presets,film presets,halloween presets,moody presets,outdoor presets,rustic presets,spooky presets,warm presets,35 MM presets",United States,2023-07-30,yes,no,no,FilAndEllieStudio,https://www.etsy.com/listing/1519641032/50-fall-film-retro-lightroom-mobile
"12 SUMMER PRESETS, Lightroom Mobile Presets, Summer Presets, Desktop Presets, Instagram Blogger Lifestyle filter, Travel Presets, beach vsco ",Electronics & Accessories > Cameras & Equipment > Presets & Photo Filters,1.68,0,0,4,0,46,0,"lightroom presets,lightroom mobile,mobile presets,blogger presets,instagram filter,photo preset,photo filter,travel presets,summer presets,vacation presets,influencer presets,vibrant presets,beach presets",United States,2023-07-25,yes,no,no,KatherineDream,https://www.etsy.com/listing/1516273032/12-summer-presets-lightroom-mobile
"150 Lightroom Preset Bundle | Moody and Rich Presets, Wedding Photographer Presets, Rustic Boho Presets, Couple Lightroom Mobile Presets ",Electronics & Accessories > Cameras & Equipment > Presets & Photo Filters,5.97,0,75,9,0,112,1,"Lifestyle Presets,Photo Editing,Moody Presets,Instagram Filters,Cinematic Presets,Rustic Presets,Earthy Presets,Outdoor Presets,Wedding Presets,Photographer Presets,Elopement Presets,Couple Presets,Engagement Presets",United States,2023-04-13,yes,no,no,TheWayfarerShoppe,https://www.etsy.com/listing/1446293490/150-lightroom-preset-bundle-moody-and
"15 Boho Mobile Lightroom Presets, Moody and Rich Presets, Dark Instagram Filter, Neutral Desktop Preset, Beige Presets for Lifestyle Blogger ",Electronics & Accessories > Cameras & Equipment > Presets & Photo Filters,2.97,0,392,85,7,907,29,"Lifestyle Presets,Photo Editing,VSCO Filter,Moody Presets,Boho Presets,Bohemian Presets,Rustic Presets,Fashion Presets,Blogger Presets,Desktop Presets,Neutral Presets,Earthy Presets,Fall Presets",United States,2023-03-24,yes,no,no,TheWayfarerShoppe,https://www.etsy.com/listing/1431954988/15-boho-mobile-lightroom-presets-moody
50+ Retro Analog Presets | Mobile Lightroom | 35MM Vintage Grain Presets | Kodak Filter | Film Preset | Aesthetic Film Presets | Disposable ,Electronics & Accessories > Cameras & Equipment > Presets & Photo Filters,2.7,0,133,13,0,269,7,"film presets,lightroom mobile,vintage film preset,film preset,retro presets,35mm preset,preset filter,disposable preset,natural preset,analog presets,fuji film filter,kodak presets,Summer presets",United States,2023-05-19,yes,no,no,FilAndEllieStudio,https://www.etsy.com/listing/1485375295/50-retro-analog-presets-mobile-lightroom
150 DARK Moody Lightroom mobile & desktop Presets | Dark Aesthetic Influencer Presets | Minimal Blogger Presets | Moody Instagram Filter | ,Electronics & Accessories > Cameras & Equipment > Presets & Photo Filters,5.76,0,128,12,0,337,28,"Dark Presets,Lightroom Presets,Black Presets,Dark Filter,Influencer Presets,Blogger Presets,Fashion Presets,AESTHETIC PRESETS,MOODY PRESETS,lifestyle presets,MOBILE PRESETS,minimal presets,dark aesthetic",United States,2023-05-04,yes,no,no,FilAndEllieStudio,https://www.etsy.com/listing/1474928809/150-dark-moody-lightroom-mobile-desktop
"Tree Earring SVG File for Glowforge or Laser Cutter, Nature Engraved Jewelry, Outdoor Forest Earrings, Boho Tree Earring, Digital Download ",Electronics & Accessories > Decals & Skins,3.74,0,63,0,0,150,3,"laser cutter,laser cut,glowforge earring,laser file,wood earring,laser cut earring,engraved earring svg,tree earring svg,laser cut tree svg,nature earrings svg,camping earrings,outdoor earring file,forest earrings svg",United States,2023-05-31,yes,no,no,WispyWillowDesignsCo,https://www.etsy.com/listing/1479012628/tree-earring-svg-file-for-glowforge-or
"15 SUMMER Lightroom Presets, Mobile & Desktop Presets, Easter filter, Natural Airy Spring Presets, Pastel Instagram filter, Floral Aesthetic ",Electronics & Accessories > Cameras & Equipment > Presets & Photo Filters,1.2,0,2692,153,1,589,0,"Spring Preset,Lightroom Preset,instagram filter,influencer preset,outdoor preset,warm preset,vibrant preset,editorial preset,aesthetic presets,natural presets,summer presets,vacation presets,beach presets",United States,2022-12-22,yes,no,no,KatherineDream,https://www.etsy.com/listing/1362968920/15-summer-lightroom-presets-mobile
"15 Summer Travel Mobile Lightroom Presets, Beach Preset For Blogger Lifestyle, Aesthetic Natural Instagram Filter Bright Influencer Presets ",Electronics & Accessories > Cameras & Equipment > Presets & Photo Filters,1.49,0,61,7,0,114,3,"Lifestyle Presets,Photo Editing,Blogger Presets,Instagram Presets,Vibrant Presets,Island Presets,Beach Presets,Summer Presets,Travel Presets,Bright Presets,Aesthetic Presets,Vintage Presets,Luxury Presets",United States,2023-06-06,yes,no,no,TheWayfarerShoppe,https://www.etsy.com/listing/1497707089/15-summer-travel-mobile-lightroom
130 Old Master Background Portrait Background Portrait Studio Backdrop Grunge Background Studio Overlays Digital Fine Art Textures BUNDLE ,Electronics & Accessories > Cameras & Equipment > Presets & Photo Filters,10.0,0,58,6,6,48,6,"Fine Art Textures,Portrait Texture,Photo editing,Textures overlays,Photo Background,Digital backdrops,Studio Portrait,Photoshop overlay,Digital background,Digital Papers,Maternity Overlays,Fine art,Skinny Canvas",United States,2023-03-31,yes,no,no,FOTOFANA,https://www.etsy.com/listing/1437318830/130-old-master-background-portrait
15 Dark Academia Mobile Lightroom Presets | Dark Moody Preset Fashion Preset for Influencer Blogger Instagram Boho Photo Editing Filters ,Electronics & Accessories > Cameras & Equipment > Presets & Photo Filters,2.97,0,337,29,4,455,25,"Lifestyle Presets,Photo Editing,Moody Presets,Blogger Presets,Instagram Presets,Presets Lightroom,Influencer Presets,Fashion Presets,Luxury Presets,Aesthetic Presets,Dark Academia Preset,Boho Presets,Fall Presets",United States,2023-03-01,yes,no,no,TheWayfarerShoppe,https://www.etsy.com/listing/1414390526/15-dark-academia-mobile-lightroom
"120 Mobile & Desktop LIGHTROOM Presets, Natural Preset, IG Filters, Fashion Blogger Presets, Mobile Presets, Instagram Filters, Beige Preset ",Electronics & Accessories > Cameras & Equipment > Presets & Photo Filters,5.76,0,180,5,1,112,7,"lr presets,lightroom presets,beige presets,warm presets,natural presets,blogger presets,lightroom mobile,mobile presets,instagram filters,fashion presets,brown presets,instagram presets,neutral presets",United States,2023-04-24,yes,no,no,FilAndEllieStudio,https://www.etsy.com/listing/1453771884/120-mobile-desktop-lightroom-presets
"Floral Texture Backdrop Overlays Digital Floral Overlays, Maternity Backdrop Overlays, Newborn Studio Backdrop Overlays for Photoshop JPG ",Electronics & Accessories > Cameras & Equipment > Presets & Photo Filters,5.0,0,54,5,0,62,5,"Fine Art Textures,Portrait Texture,Photo editing,Textures overlays,Photo Background,Digital backdrops,Studio Portrait,Photoshop overlay,Digital background,Floral Overlays,Fine art Background,CTandRinaDigitals,Dana Cole Backdrops",United States,2023-05-28,yes,no,no,FOTOFANA,https://www.etsy.com/listing/1491743233/floral-texture-backdrop-overlays-digital
"85 Sports presets bundle for Lightroom mobile & desktop, sports presets, gym presets, workout filters, fitness presets, moody action filter ",Electronics & Accessories > Cameras & Equipment > Presets & Photo Filters,11.2,0,211,14,0,151,0,"fitness presets,gym presets,sports presets,Lightroom presets,presets bundle,preset pack,mobile and desktop,football presets,sport photography,moody dark presets,workout filters,athletes presets,action filters",United States,2023-01-04,yes,no,no,CinematicTonesStudio,https://www.etsy.com/listing/1371657558/85-sports-presets-bundle-for-lightroom
Rayquaza + Groudon + Kyogre Shiny 6IV PACK // Pokemon Scarlet & Violet // Battle-Ready // lv100 Hoenn Legendaries +MasterBalls // Fast Trade ,Electronics & Accessories > Video Games,4.99,0,78,10,0,38,3,"Groudon,Rayquaza,Kyogre,Shiny Rayquaza,Shiny Groudon,Shiny Kyogre,6IV Rayquaza",United States,2023-05-15,yes,no,no,BreadsPokemart,https://www.etsy.com/listing/1482703229/rayquaza-groudon-kyogre-shiny-6iv-pack
"Pumpkin Earring SVG File for Glowforge or Laser Cutter, Halloween Earring, Fall Earrings, Autumn Jewelry, Laser Engraved Digital Download ",Electronics & Accessories > Decals & Skins,3.74,0,82,7,0,179,27,"laser cutter,glowforge earring,wood earring,laser cut earring,engraved earring svg,laser cut file,pumpkin earrings svg,fall earrings svg,autumn earrings svg,halloween earrings,laser cut pumpkin,laser cut fall,fall jewelry file",United States,2023-06-14,yes,no,no,WispyWillowDesignsCo,https://www.etsy.com/listing/1488864504/pumpkin-earring-svg-file-for-glowforge
50+ FILM SUPER 8 Retro Lightroom Mobile & Desktop Presets | Grain Preset |Instagram Presets | Film Preset | Analog 35 mm | Film Aesthetic ,Electronics & Accessories > Cameras & Equipment > Presets & Photo Filters,1.79,0,103,10,0,103,10,"lightroom presets,film presets,influencer filter,lightroom mobile,lifestyle preset,vintage film preset,film preset,retro presets,35mm preset,preset filter,disposable preset,moody presets",United States,2023-06-08,yes,no,no,FilAndEllieStudio,https://www.etsy.com/listing/1498562569/50-film-super-8-retro-lightroom-mobile
50+ FILM SUPER 8 Retro Lightroom Mobile & Desktop Presets | Grain Preset |Instagram Presets | Film Preset | Analog 35 mm | Film Aesthetic ,Electronics & Accessories > Cameras & Equipment > Presets & Photo Filters,2.7,0,0,12,0,176,2,"lightroom presets,film presets,influencer filter,lightroom mobile,lifestyle preset,vintage film preset,film preset,retro presets,35mm preset,preset filter,disposable preset,summer presets",United States,2023-06-08,yes,no,no,FilAndEllieStudio,https://www.etsy.com/listing/1498563159/50-film-super-8-retro-lightroom-mobile
GI Asia 580~ wishes AR40+ ,Electronics & Accessories > Video Games > Games,28.79,0,37,10,0,53,7,"reroll,genshin account,primogems,genshin wishes,hutao,ganyu,genshin reroll,genshin na,genshin eu,genshin asia",United States,2023-07-15,yes,no,no,GatchaBunny,https://www.etsy.com/listing/1509268726/gi-asia-580-wishes-ar40
10 RIVIERA Lightroom mobile & desktop Presets | Vintage Aesthetic Presets | Instagram Presets | Vintage Blogger Filter | Retro Film Filter ,Electronics & Accessories > Cameras & Equipment > Presets & Photo Filters,3.7,0,13,4,0,99,4,"Instagram presets,Instagram Filter,Lightroom Presets,preset mobile,beach presets,film presets,analog presets,analog film,film filter,film grain,french riviera,retro presets,vintage presets",United States,2023-06-29,yes,no,no,KIINcreations,https://www.etsy.com/listing/1513442845/10-riviera-lightroom-mobile-desktop
"Halloween Skeleton Earring SVG File for Glowforge or Laser Cutter, Fall Dangle Earring File, Halloween Earrings, Skeleton Jewelry for Laser ",Electronics & Accessories > Decals & Skins,3.74,0,52,4,0,237,4,"glowforge project,glowforge earring,laser cut earring,laser cutter file,halloween earrings,fall earrings svg,skeleton earrings,laser cut skeleton,laser cut halloween,skull earring svg,engraved wood file,spooky earring file,fall jewelry laser",United States,2023-06-17,yes,no,no,WispyWillowDesignsCo,https://www.etsy.com/listing/1505306083/halloween-skeleton-earring-svg-file-for
"Flannel Cure | DIGITAL DOWNLOAD | To Print at DecalGirl.com, not at home | NOT a .svg Cut File ",Electronics & Accessories > Decals & Skins > Laptop > Laptop Skins,4.0,0,18,6,0,39,0,"kindle,kindle paperwhite,kindle oasis,oasis,amazon,e-reader,bookstagram,booktok,custom kindle",United States,2023-08-23,yes,no,no,TheLitHomebody,https://www.etsy.com/listing/1536260946/flannel-cure-digital-download-to-print
13 Pink Floral Digital Backdrop Overlays Maternity Digital Overlay Maternity Digital Background Fine Art Textures Photoshop Overlay Flowers ,Electronics & Accessories > Cameras & Equipment > Presets & Photo Filters,4.59,0,39,4,0,80,12,"digital backdrops,digital background,fine art background,fine art textures,floral overlays,maternity backdrop,maternity overlays,photo background,photo editing,photoshop overlay,portrait texture,studio portrait,textures overlays",United States,2023-07-20,yes,no,no,Backdropic,https://www.etsy.com/listing/1512985724/13-pink-floral-digital-backdrop-overlays
Need For Speed Most Wanted Black Edition PC Game Racing Arcade Computer Gaming ,Electronics & Accessories > Video Games > Games,2.8,0,0,11,3,21,3,"games,game,digital,digital game,nfs,need for speed,video game,digital video game",United States,2023-07-27,yes,no,no,Digitalfinds4uShop,https://www.etsy.com/listing/1531494021/need-for-speed-most-wanted-black-edition
"30A Beach Preset, Aglow Presets, beach preset, travel preset, vacation preset, bright preset, best presets, influencer presets, alys beach ",Electronics & Accessories > Cameras & Equipment > Presets & Photo Filters,3.97,0,218,17,2,117,2,"alys beach,30A,beach preset,best presets,photo presets,presets,influencer presets,aglow presets,vacation presets,bright preset,presets for photos,girls trip,bachelorette party",United States,2023-06-24,yes,no,no,AglowPresets,https://www.etsy.com/listing/1509619007/30a-beach-preset-aglow-presets-beach
