title,"price(""$"")",7-day sales,total_sales,total_reviews,7-day reviews,total_favorites,7-day favorites,tags,Ship From,release time,Best Seller,Etsy pick,Raving,store name,product_url
Silent Cat Tag - Cat Tag - Cat Collar Silicone Tag - Slide On Cat Tag - Silent Cat ID Tag -Custom Cat Name Tag-Silicone Small Cat Tag Black ,5.9,82,623,195,34,430,31,"Cat Tag,Cat Collar Tag,Cat Name Tag,Cat Id Tag,Cat tag engraved,silent cat tag,silicone cat tag,slide on pet tag,Cat gifts,Silicone Pet Tag,Custom Pet ID Tag,personalized cat tag",United States,2023-04-17,yes,no,no,CookiePetTag,https://www.etsy.com/listing/1449062774/silent-cat-tag-cat-tag-cat-collar
Dog Tag Dog Tags for Dogs Personalized Custom Dog Tag ,8.94,77,1728,448,12,492,0,"Dog Tag,Dog Tags,Dog Tags for Dogs,Dog Tag Personalized,Custom Dog Tag",United States,2023-05-13,yes,no,no,TheDoggos,https://www.etsy.com/listing/1467263576/dog-tag-dog-tags-for-dogs-personalized
"Dog Loss Gift, Dog Memorial Garden Stone, Pet Memorial Gift, In Memory, Dog Pet Loss, Bereavement Gift, Dog Headstone, Cat Memorial ",21.8,47,194,33,9,266,42,"pet memorial stone,dog memorial gift,pet memorial gift,pet memorial,dog memorial stone,dog memorial,loss of dog gift,loss of dog,pet loss gifts dog,loss of pet gift,pet loss gift,pet loss,In Memory,Dog Pet Loss,Bereavement Gift,Outdoor Memorial,Garden Stone,Dog Loss,Gift for Dog Loss,Gift for Pet Loss,Cat Memorial,Cat loss,Dog Grave Marker",United States,2023-06-20,yes,no,no,BlackButterflySigns,https://www.etsy.com/listing/1507031101/dog-loss-gift-dog-memorial-garden-stone
Personalized Gold Dog Tag Custom Engraved ID for Dogs Microchip - Optima ,20.0,37,114,17,3,99,12,"gold dog tag,dog tag,pet id tags for dogs,gold circle dog tag,dog tag personalized,dog name tag,tag for dog collar,pet tags,pet tag for dogs,Gold pet tag,Round pet tag,Personalized pet tag,Engraved pet tag,Custom pet tag,Pet ID tag,Pet name tag,hand made,Pet collar charm,Cat tag,Pet safety,minimalist dog tag",United States,2023-06-14,yes,no,no,BestEngravings,https://www.etsy.com/listing/1488524494/personalized-gold-dog-tag-custom
"Custom Alternative Pet ID, Personalized Spooky Pet Tag, Gothic Pet Tag ",13.0,36,465,137,8,1954,93,"pet id,acrylic pet tag,custom pet tag,custom pet id,spooky pet,gothic pet tag,gothic pet,spooky pet id,spooky pet tag,resin pet tag,cute pet tag,dog birthday,cat birthday",United States,2023-04-30,yes,no,no,shopwavydrops,https://www.etsy.com/listing/1472146477/custom-alternative-pet-id-personalized
"Personalized Floral Dog Collar, With Fabric and Leather Patch, Boho Pattern, Laser Engraved, Quick Release Buckle, Girl Wedding Dog Collar ",12.99,34,222,66,9,557,36,"bohemian Pattern,Blooming Light,fabric patch,Festival Chic Unique,wild flowers usa,Gift Black Gold pet,Custom Whimsical,Spring bronze orange,Vibrant pastel,Springtime Botanical,Garden print Botanic,leather patch girly",United States,2023-06-16,yes,no,no,TagPup,https://www.etsy.com/listing/1490081038/personalized-floral-dog-collar-with
"Wooden Pet Hair Memorial Box, Personalised Pet Fur Keepsake, Dog Hair Memorial, Cat Memorial ",21.7,23,1098,187,9,2116,106,"pet fur keepsake,pet hair keepsake,pet hair memorial,pet memorial gift,dog hair keepsake,dog hair memorial,pet memorial box,Small Keepsake,Pet Remembrance,Pet Loss,Pet Fur Keep Sake,Cat Memorial,dog memorial gift",United States,2023-03-24,yes,no,no,WcardsGiftShop,https://www.etsy.com/listing/1446124351/wooden-pet-hair-memorial-box
"Rainbow bridge pet, sun catcher, suncatcher pet memorial, personalized name, dog / cat/  pet remembrance, paw with saying and name ",28.0,22,80,19,5,119,14,"rainbow bridge gift,pet rainbow bridge,pet rainbow memories,rainbow bridge pet,pet death memorial,personalized pet,pet memories,pet memorial,pet info,animal tag,hand stamped,personalized,stained glass pet",United States,2023-06-15,yes,no,no,smmade,https://www.etsy.com/listing/1489582126/rainbow-bridge-pet-sun-catcher
"Pet Memorial, Pet Memorial Stone, Personalized Pet Memorial, Pet Loss Gift, Dog Memorial, Cat Memorial, Memorial Stone ",21.99,21,84,26,3,115,19,"pet memorial,pet memorial stone,memorial stone,memorial,pet stone,garden stone,pet garden stone,memorial gift,cat memorial,pets,memorial garden,personalized gift,personalized pet",United States,2023-07-09,yes,no,no,TonicPetGifts,https://www.etsy.com/listing/1519310271/pet-memorial-pet-memorial-stone
Silent Dog Tag - Slide On Dog Tag - Dog Tag Personalized - Dog Tags For Dogs - Slide On Pet Id Tag - Custome Dog Tag With Star -Cute Dog Tag ,7.34,15,104,23,3,93,16,"Slide On Pet Id Tag,Engraved dog Tag,Dog Id Tag,Custom Dog Tags,Silent Dog Tag,dog tag silent,Dog Name Tags,Dog Tag,Dog Tag Personalized,Dog Name Tag,Silent Pet Name Tag,Dog Tag With Star",United States,2023-04-11,yes,no,no,CookiePetTag,https://www.etsy.com/listing/1458938111/silent-dog-tag-slide-on-dog-tag-dog-tag
"Flower Dog Collar, Personalized green Dog Collar With Name, Fabric Girl PINK Dog Collars Are Cute, Adjustable Heavy Duty,Sizes XSmall XLarge ",14.99,11,43,10,2,53,7,"personalized collar,custom dog collar,dog collar with name,engraved dog collar,large dog collar,girl dog collar,heavy duty collar,pattern dog collar,adjustable collar,puppy collar,floral dog collar,4th of july,Pink Dog Collar",United States,2023-07-04,yes,no,no,OhBarks,https://www.etsy.com/listing/1502315336/flower-dog-collar-personalized-green-dog
Custom Pet Hair Keepsake | Cremation Jewelry Glass Locket | Memory Keepsake Pendant | Personalized Pet Memory Necklace ,18.48,11,222,34,5,470,47,"pet hair keepsake,horse hair keepsake,pet hair necklace,pet hair jewelry,pet memorial,pet locket for hair,hair locket,locket for pet loss,hair keepsake,dog hair memorial,pet memorial gift,Jewelry Glass Locket,Horse Hair Urn,Memory Necklace,Living Memory,Cremation Jewelry,Pet Hair,Sentimental Gift,Personalized Jewelry,Keepsake Locket,Wedding Day Keepsake",United States,2023-06-01,yes,no,no,AEpetmemorial,https://www.etsy.com/listing/1494396835/custom-pet-hair-keepsake-cremation
"Sparkle Glitter Acrylic Pet ID Tags, Custom Pet Tag, Glitter Pet Tag, Personalized Glitter Pet ID Tag ",13.0,8,283,51,8,475,28,"pet id,acrylic pet tag,custom pet tag,cute pet tag,gifts for dogs,gifts for cats,pet parent,glitter pet tag,glitter acrylic,pet keychain,custom id,glitter pet,glitter pet id",United States,2023-05-11,yes,no,no,shopwavydrops,https://www.etsy.com/listing/1465341620/sparkle-glitter-acrylic-pet-id-tags
"Pet portrait, pet painting, pet memorial, dog portrait, dog memorial gift, pet loss gift, pet portrait from photo, painting from photo, cats ",22.4,8,650,166,11,589,16,"Pet portrait,pet painting,pet memorial,dog portrait,dog memorial gift,pet loss gift,painting from photo,cats,portrait from photo,painting,portrait,dog gift,pet gift",United States,2023-03-20,yes,no,no,pleasantglenproducts,https://www.etsy.com/listing/1442852869/pet-portrait-pet-painting-pet-memorial
"Pet Hair Bracelet, Pet Fur keepsake, Dog Hair Bracelet, Pet Fur Jewelry, Pet Memorial, Personalized Pet Memorial Jewelry, Pet Loss Gifts ",29.0,8,301,42,1,1301,64,"pet hair bracelet,pet keepsake,pet hair keepsake,dog hair jewelry,dog memorial gift,dog memorial,pet fur bracelet,dog gifts,pet memorial gift,cremation jewelry,pet loss,pet hair memorial,hair locket bracelet",United States,2023-05-20,yes,no,no,Holymollyshoppie,https://www.etsy.com/listing/1486103409/pet-hair-bracelet-pet-fur-keepsake-dog
"Custom Pet Portrait, Personalized Cartoon Portraits, Gifts for Birthday, Anniversary & More, Custom Pet Art, Digital and Prints, Christmas ",25.0,7,287,85,3,595,24,"Custom pet portrait,Custom dog portrait,pet portrait,cartoon pet portrait,cartoon for pet,pet cartoon,portrait from photo,custom dog cartoon,gift for dog lovers,gift for dog owners,custom cat portrait,cartoon cat portrait,custom car cartoon",United States,2023-04-29,yes,no,no,ArtZonoz,https://www.etsy.com/listing/1471456559/custom-pet-portrait-personalized-cartoon
"Custom Pet Memorial Stone, pet keepsake, Pet Remembrance Gift, In Memory of Cat or Dog Lover, Animal Memorial Gift, Pet Headstone River Rock ",24.95,7,122,29,1,87,6,"pet headstone,pet loss gift,pet memorial marker,custom pet memorial,garden memorial,pet rock,memorial sign,pet grave marker,in memory of dog,memorial for cat,memorial for dog,family pet memorial,pet memorial gift",United States,2023-06-29,yes,no,no,EtchingTree,https://www.etsy.com/listing/1498650054/custom-pet-memorial-stone-pet-keepsake
"Designer Silent Personalized Soundless Designer Pet ID Tag - Deep Engraved Silicone Double Sided & Engraving Will Last - PetTags, Dog ID Tag ",13.95,6,636,103,6,326,8,"soundless tag,dog tag,Silicone tag,Engraved tag,Personalized tag,Dog ID Tag,Custom dog tag,personalized dog tag,Hexagon tag,dog tag for dog,dog tags mountains,dog tags sunset,dog tags silent",United States,2023-03-31,yes,no,no,PetTasticCOM,https://www.etsy.com/listing/1436562690/designer-silent-personalized-soundless
"PERSONALIZED Photo Rock Slate, Pet Loss Gift, Cat Memorial Gift, Pet Sympathy Gift, Dog Bereavement Photo Gift, Loss of Pet, Photo Plaque ",27.47,6,404,78,3,225,9,"custom pet photo,forever loved gift,in loving memory,loss of pet,rustic reflections,pet frame gift,dog loss keepsake,dog memorial picture,cat remembrance gift,cat keepsake gift,personalized pet,pet portrait gift,personalized photo",United States,2023-03-23,yes,no,no,RusticReflectionsDS,https://www.etsy.com/listing/1431238294/personalized-photo-rock-slate-pet-loss
"Martingale Adjustable Biothane® Dog Collar, 1 ",28.0,6,136,29,2,351,16,"waterproof collar,leather alternative,hunting dog collar,dog collar,adjustable collar,dog accessories,pet collar,catahoula creations,green dog collar,chain martingale,biothane® dog collar,biothane® gear,maringale collar",United States,2023-04-17,yes,no,no,CatahoulaCreations,https://www.etsy.com/listing/1448932308/martingale-adjustable-biothane-dog
The Holy Crab Snack Pack | 15 Customizable Hermit Crab foods | Enriches Pet Crustacean's Diet | Ideal For Nutrional Varity ,27.0,5,164,34,1,211,17,"Hermit Crab,Hermit crab food,land hermit crab,hermit crabs,hermit crab supplies,crab food,hermit crab treat,Crabitat,hermit crab shell,hermit,crab,crabitude,organic crab food",United States,2023-03-22,yes,no,no,CRABITUDE,https://www.etsy.com/listing/1443906323/the-holy-crab-snack-pack-15-customizable
"Personalized Fluffy Cat Memorial Stake, Metal Stake, Fluffy Cat Loss, Sympathy Sign, Pet Grave Markers, Remembrance Stake, Flower Fluffy Cat ",19.27,5,293,65,1,559,11,"cat memorial,cat memorial stone,cat grave marker,cat memorial stake,pet memorial stone,cat memorial gift,pet memorial,prettyclaireturner,loss of cat,fluffy cat memorial,pet memorial gift,pet loss gifts cat,cat headstone,Metal Stake,Sympathy Sign,Remembrance Stake,Gardern Decor,in loving memorial,unique gift,Flower Cat,Grave Markers,cat lover,Fluffy Cat Loss,Flower Fluffy Cat",United States,2023-04-18,yes,no,no,PrettyClaireTurner,https://www.etsy.com/listing/1463864905/personalized-fluffy-cat-memorial-stake
"Double Layer Biothane® Dog Collar, Two Tone/Color 1 ",32.0,5,96,26,4,240,15,"waterproof collar,leather alternative,hunting dog collar,custom collar,dog collar,adjustable collar,dog accessories,pet collar,catahoula creations,green dog collar,vegan leather collar,biothane® dog collar,biothane® gear",United States,2023-05-19,yes,no,no,CatahoulaCreations,https://www.etsy.com/listing/1485697017/double-layer-biothane-dog-collar-two
Cat Collar-  ,15.99,5,239,35,2,417,12,"cat collar with bell,breakaway cat collar,great white shark,cat collar for boy,gift for cat lover,quick release safety,collar with charm,beach shark tooth,fun shark cat collar,ocean deep sea fish,soft adjustable male,cute shark week jaws,unique vibrant swim",United States,2023-04-19,yes,no,no,KittyClubCollars,https://www.etsy.com/listing/1450484198/cat-collar-shark-attack-adjustable
Personalized Dog Collar - Double Leather Dog Collar - Two Tone Dog Collar - Pet Collar WIth Engrave - Custom Dog Collar - Boy Dog Collar ,11.75,5,354,59,2,386,10,"dog collar,padded collar,custom,double collar,large dog collar,personalized,boy dog collar,pet collar,engraved dog collar,puppy collar,girl dog collar,dog collar with name",United States,2023-03-24,yes,no,no,TandemLeather,https://www.etsy.com/listing/1446145357/personalized-dog-collar-double-leather
Custom Pet Fur Memorial Jar - Personalized Dog Rememberance Gift - Pet Keepsake Jar for Lock of Hair or Ashes ,6.99,5,436,83,4,308,11,"Pet fur memorial,Rainbow Bridge gift,Pet cremation jar,Pet remembrance,Pet ashes jar,Dog memorial gift,Cat memorial gift,Loss of pet,Custom pet keepsake,Personalized pet jar",United States,2023-05-01,yes,no,no,AEpetmemorial,https://www.etsy.com/listing/1458924398/custom-pet-fur-memorial-jar-personalized
Pet Memorial Stones | Custom Engraved Pet Memorial Stones| Cherish Your Beloved Pet's Memory ,25.36,5,74,11,2,66,10,"Pet Loss Sympathy,Pet Sympathy,lost loved pet,pet loss gifts cat,pet loss gifts dog,dog memorial stone,cat memorial stone,Horse memorial stone,Rabbit memorial,Bird memorial stone,Lizards memorial,in memory of dog,custom pet memorial",United States,2023-06-20,yes,no,no,Pawtribute,https://www.etsy.com/listing/1507478129/pet-memorial-stones-custom-engraved-pet
Hermit Crab Premium TURBO Shells Bundle - Select your size. Hand-picked/quality-inspected hermit crab shells ,31.49,5,280,69,2,176,11,"hermit crab shells,turbo shells,xl hermit crab shell,natural shells,jumbo shells,large shells,medium shells,small hermit shells,hermit shells sale,extra large shells,hermitcrabs shells,shell pack,large hermit crab",United States,2023-04-14,yes,no,no,HappyCrabby,https://www.etsy.com/listing/1446467552/hermit-crab-premium-turbo-shells-bundle
Modern Dog Bowl Stand | Raised Dog Feeding Station | Large Dog Feeder | Small Dog Feeder | Yeti Dog Stand | Elevated Pet Feeder | Senior Dog ,38.5,4,196,29,2,218,9,"dog gift,custom dog gift,dog lover gift,dog feeding stand,dog feeder,dog bowl holder,dog bowl stand,gifts for dogs,pet feeding station,farmhouse pet feeder,large dog feeder,modern dog feeder,small dog pet feeder",United States,2023-03-22,yes,no,no,ShopRosieAndVi,https://www.etsy.com/listing/1429970264/modern-dog-bowl-stand-raised-dog-feeding
"Small Fur Keepsake box, Pet Hair Memorial Box, Pet Loss, Wooden Pet Remberance ",21.7,4,276,41,1,234,10,"pet fur keepsake,pet hair keepsake,pet hair memorial,pet memorial gift,dog hair keepsake,dog hair memorial,pet memorial box,Small Keepsake,Pet Remembrance,wooden pet urn,Pet Loss,Pet Fur Keep Sake,Cat Memorial",United States,2023-03-24,yes,no,no,WcardsGiftShop,https://www.etsy.com/listing/1446138627/small-fur-keepsake-box-pet-hair-memorial
"Custom text dog bandana over the collar, business text dog or cat bandana, funny scarf, personalized dog grooming, solid color dog bandana ",13.99,3,298,38,0,133,9,"personalized bandana,reversible bandana,over the collar dog,custom dog bandana,plain color bandana,custom dog clothes,business logo dog,dog grooming logo,solid color bandana,funny dog bandana,clothes for business,therapy dog bandana,custom text bandana",United States,2023-03-21,yes,no,no,AnitasStitches,https://www.etsy.com/listing/1428964940/custom-text-dog-bandana-over-the-collar
"Personalized Dog Tactical Harness, No-pull reflective nylon dog harness, for medium large dogs, Vests Free Customized, Embroidered designer ",24.99,3,219,26,2,358,10,"dog harness,harness dog,custom dog harness,nylon harness,no pull dog harness,service dog harness,tactical dog harness,no pull harness,large dog harness,service dog,hundegeschirr,harneis chein,personalized harness",United States,2023-04-17,yes,no,no,PawzOPaws,https://www.etsy.com/listing/1463264589/personalized-dog-tactical-harness-no
"Custom Pet Memorial Stone, garden stone, dog memorial, cat memorial, pet keepsake, pet remembrance gift, animal loss stone, pet grave marker ",24.95,3,305,53,3,103,5,"pet headstone,pet loss gift,pet memorial marker,custom pet memorial,garden memorial,pet rock,memorial sign,in memory of dog,memorial for cat,memorial for dog,family pet memorial,pet memorial gift,in remembrance stone",United States,2023-04-06,yes,no,no,EtchingTree,https://www.etsy.com/listing/1455285435/custom-pet-memorial-stone-garden-stone
Yeti Mid Century Style Raised Dog Bowl Stand || Elevated Pet Bowl Feeder || Engraving Optional - Fits RTIC & Hydrapeak ,60.0,2,92,11,0,160,9,"Raised dog bowl,pet furniture,raised pet bowl,pet stand,bowl stand,food bowl,dog feeder,dog cone,elevated dog bowl,Yeti dog bowl,Boomer,RTIC bowl,bowl for large dog",United States,2023-04-25,yes,no,no,WoodlandSteelworks,https://www.etsy.com/listing/1468461329/yeti-mid-century-style-raised-dog-bowl
"Pregnancy Announcement Dog Bandana, Gender Reveal Dog Bandana, Tie On Dog Bandana, Personalized Last Name Announcement Dog Ban, Baby News. ",6.3,2,201,20,1,126,4,"pregnancy news,announcement bandana,dog announce,new best friend,family pregnancy,baby shower gift,pregnancy reveal,cat bandana,custom dog bandana,pregnancy photo dog,human sibling,mom's pregnant,Baby shower them",United States,2023-05-06,yes,no,no,WagginShop,https://www.etsy.com/listing/1462030350/pregnancy-announcement-dog-bandana
"Custom engraved pet urn for dogs ashes, personalized dog memorial cremation urn, cat urn for ashes keepsake, pet remembrance memorial gift ",27.5,2,27,11,1,77,3,"pet remembrance,keepsake urn,pet memorial gift,custom cat urn,pet urn for dogs,pet memorial,cremation urn,urn for dog ashes,loss of pet,pet sympathy,urns for ashes,pet memory box,mini urn",United States,2023-06-09,yes,no,no,Pawnimals,https://www.etsy.com/listing/1485781102/custom-engraved-pet-urn-for-dogs-ashes
"Personalized Dog Collar Bow Tie Leash Set, Custom Engraved Pet Name Metal Buckle, Birthday Puppy Gift, FREE Shipping, Pet Accessories ",6.8,2,158,87,14,533,93,"velvet collar,dog collar,puppy collar,personalised collar,adjustable collar,dog collar bow tie,dog collar small,dog collar boy,dog collar girl,green dog collar,dog collar large,bridal dog collar,safety dog collar",United States,2023-05-31,yes,no,no,BwnBwn,https://www.etsy.com/listing/1493569643/personalized-dog-collar-bow-tie-leash
The Pet Pass Memory Booklet ,25.0,2,115,16,0,164,7,"pet,passport,travel,veterinary,booklet,gift,luggage,small business,vacation,gift for pets,dog,cat,traveling with pets",United States,2023-04-24,yes,no,no,ThePetPassLLC,https://www.etsy.com/listing/1454029806/the-pet-pass-memory-booklet
Hexagon Dog Tags for Dogs Personalized Dog Tag Dog Collar Tag Dog Gifts Custom Dog Tag Dog Name Tag Dog Tag Personalized Pet Tag ,9.94,1,201,26,0,46,1,"Hexagon Dog Tag,Dog Tags for dogs,Dog Tags,Dog,Dog Tag,Dog Collar,Dog Tag Personalized,Dog gifts,Custom Dog Tags,Dog Name Tag,Pet Tag,Personalized Dog Tag,Dog ID Tag",United States,2023-04-16,yes,no,no,TheDoggos,https://www.etsy.com/listing/1462179671/hexagon-dog-tags-for-dogs-personalized
"Multiple Colour Velvet Personalise Dog Collar Leash Set with Bow, Coffee+Grey+Beige, Engraved Pet Name Plate Metal Buckle,Wedding Puppy Gift ",8.0,1,239,18,1,134,1,"dog collar,puppy collar,personalised collar,adjustable collar,Dog Collar lead,dog collar bow tie,collar phone number,dog collar medium,dog collar small,dog collar boy,dog collar girl,solid dog collar,velvet collar",United States,2023-05-18,yes,no,no,ModaLeatherUSA,https://www.etsy.com/listing/1484803513/multiple-colour-velvet-personalise-dog
"Dog Collar, Embroidered Dog Collar, Personalized Dog Collar, Floral Dog Collar, Custom Dog collar, Buffalo plaid collar, Engraved Collar ",23.8,1,36,23,3,144,14,"engraved buckle,floral dog collar,polka dot collar,personalized dog,dog collar,embroidered collar,personalized collar,engraved collar,custom dog collar,leash,buffalo plaid collar,christmas collar,custom engraved",United States,2023-06-06,yes,no,no,DUKEandFOX,https://www.etsy.com/listing/1497160885/dog-collar-embroidered-dog-collar
Dog Collar Personalized • Custom Dog Collar with Name and Phone Number • Engraved Pet Collar • Engraved Pet Name Plate Metal Buckle ,9.89,1,138,17,6,49,4,"personalized collar,dog collar,pet collar,custom dog collar,cute dog collar,puppy collar,collar with name,dog collar girl,dog id tag,leather dog collar,pet id,custom pet id,custom id",United States,2023-05-13,yes,no,no,CustomGiftopia,https://www.etsy.com/listing/1466891120/dog-collar-personalized-custom-dog
"Barbie-Inspired Trixie Personalized Pet Tag, Barbie Sunburst Pet Tag for Cats and Dogs, Limited Edition, Custom Name and Info Engraved ",32.0,1,84,29,2,735,5,"Pet tags,Dog tags,Cat tags,Custom pet tags,Barbie-inspired,ID tags for pets,Engraved pet tags,Name tags for pets,Glitter pet tags,Trendy pet accessory,Party-themed pet,Fashionable pet tags,Stylish pet tags",United States,2023-04-15,yes,no,no,EmandMeStudio,https://www.etsy.com/listing/1461838259/barbie-inspired-trixie-personalized-pet
Personalized Reversible Dog Bandana | Flower Design on Mustard Yellow & White | Custom Embroidered Name ,4.0,1,99,9,0,87,9,"Dog Name Bandana,Unique Dog Gift,Custom Dog Bandana,Taco Dog Bandana,Heart Dog Bandana,Dog Lover Gift,Reversible Bandana,Embroidered Bandana,Summer Pet Accessory,Durable Dog Bandana,Fun Pet Accessory,Personalized Gear",United States,2023-06-08,yes,no,no,lifeforpawz,https://www.etsy.com/listing/1484361084/personalized-reversible-dog-bandana
"Element Sewn BioThane® Fetch Toy, Tug Toy, Toy Reward, Ball Tug ",18.95,1,139,31,0,217,4,"toy,ball,biothane,dog toy,tug toy,tug ball,dog tug,dog training,dog ball,fetch toy,dog toys,dog tug toy,fetch ball",United States,2023-03-21,yes,no,no,BolderK9,https://www.etsy.com/listing/1429013276/element-sewn-biothane-fetch-toy-tug-toy
Custom Pet Portraits Using Pet Photo Personalized Digital Dog Portraits Cat Portraits Custom Dog Portraits Custom Pet Art Pet Drawing ,6.86,0,266,73,0,565,2,"custom pet art,gifts for dog lovers,cat lovers gift,dog memorial gifts,pet memorial gifts,gift for dog mom,gifts for dog owners,dog loss gifts,pet loss gifts,cute dog drawing,puppy drawing,Cat Sketch,Pet Sympathy Gift",United States,2023-04-02,yes,no,no,ModPawsUS,https://www.etsy.com/listing/1452482923/custom-pet-portraits-using-pet-photo
Pet Memorial Stone Garden Sign with Hanging Stake - Honor Your Beloved Cat or Dog ,15.0,0,43,9,0,50,4,"pet memorial,pet gravestone,personalized,memorial stone,garden decoration,dog headstone,garden plaque,custom engraved,pet memorial gift,dog memorial gift,cat memorial gift,pet loss gift,pet grave marker",United States,2023-06-17,yes,no,no,OldDogEngraving,https://www.etsy.com/listing/1505548833/pet-memorial-stone-garden-sign-with
"Personalized Cat Collar with Metal Buckle, Adjustable Velvet Cat Collar with Engraved Name, Custom Pet Collar Bow Tie Set, Engraved Pet Name ",5.91,0,0,21,6,63,6,"cat collar,luxury cat collar,custom cat collar,soft cat collar,cat collar with bell,cat collar with bow,cat collar bell,velvet cat collar,cat collar with name,male cat collar,female cat collar,cat collar bow,engraved cat collar",United States,2023-07-11,yes,no,no,BwnBwn,https://www.etsy.com/listing/1521033751/personalized-cat-collar-with-metal
"Waterproof Custom Pet Airtag Holder, Engraved AirTag Mount for Dog and Cat Collar and Harness ",19.98,0,139,21,1,114,5,"Airtag holder,Airtag collar,Airtag holder cat,Custom pet tag,Cat collar tag,Custom dog collar,Pet accessories,Pet tags,Cat tag personalized,Cat name tag,Custom name plate,Airtag case holder",United States,2023-04-10,yes,no,no,AprilBeyond,https://www.etsy.com/listing/1458237931/waterproof-custom-pet-airtag-holder
Custom Pet Hair Keepsake | Cremation Jewelry Glass Locket | Memory Keepsake Pendant | Horse Hair Urn | Personalized Living Memory Necklace ,15.99,0,190,14,0,205,3,"Pet hair,Cremation jewelry,Glass locket,Memory keepsake,Necklace,Personalized,Customizable,Memorial jewelry,Pet ashes,Remembrance jewelry,Love note,Living memory,Complementary chain",United States,2023-05-11,yes,no,no,AEpetmemorial,https://www.etsy.com/listing/1480072095/custom-pet-hair-keepsake-cremation
"Rainbow bridge pet, sun catcher, suncatcher pet memorial, personalized name, dog / cat/  pet remembrance, paw with saying and name ",28.0,0,654,193,24,840,46,"rainbow bridge gift,pet rainbow bridge,pet rainbow memories,rainbow bridge pet,pet death memorial,personalized pet,pet memories,pet memorial,pet info,animal tag,hand stamped,personalized,stained glass pet",United States,2023-06-02,yes,no,no,smmade,https://www.etsy.com/listing/1480587882/rainbow-bridge-pet-sun-catcher
"pet portrait, Pet drawing, Custom Dog Portrait, Custom pet Portrait, pet gift, Dog Painting, pet memorial gift, watercolor pet, pet artwork ",18.0,0,0,23,1,91,2,"Pet painting,pet portrait,Custom Dog Portrait,Custom pet Portrait,Dog Painting,watercolor pet,pet memorial,dog memorial gift,framed pet portrait,pet memorial gift,hand painted,pet drawing,real pet painting",United States,2023-07-20,yes,no,no,WAIdecor,https://www.etsy.com/listing/1526560893/pet-portrait-pet-drawing-custom-dog
"Limited Offer, Digital Custom Pet Portraits Using Pet Photo Personalized Digital Dog Portraits Cat Portraits Custom Dog Portraits ",2.0,0,32,18,0,44,3,"custom pet art,gifts for dog lovers,cat lovers gift,dog memorial gifts,pet memorial gifts,gift for dog mom,gifts for dog owners,dog loss gifts,pet loss gifts,cat sketch,pet sympathy gift,custom gift,pet portrait",United States,2023-07-18,yes,no,no,boomboompawstore,https://www.etsy.com/listing/1511229154/limited-offer-digital-custom-pet
Stacking Cups for Rabbits | Bunny Stacking Cups | Custom Stacking Cups | Pet Enrichment | Pet Stacking Cups | Personalized | Bunny Toy ,11.24,0,24,7,0,286,47,"Wheat Straw Cup,Bunny Stacking Cups,Bunny Toy,Stacking Cups,Pet Enrichment,Pet stacking cups,rabbit stacking cups,toys for bunny,toys for rabbit,StackingCups Rabbits,personalize pet toys,Personaliz bunny toy,custom rabbit cups",United States,2023-07-06,yes,no,no,YuppiePetstore,https://www.etsy.com/listing/1517697407/stacking-cups-for-rabbits-bunny-stacking
Multiple Colour Velvet Personalise Dog Collar Leash Set with Bow |  Engraved Pet Name Plate Metal Buckle | Custom Pet Birthday Gifts ,6.8,0,32,8,0,84,11,"velvet collar,dog collar,adjustable collar,dog collar bow tie,dog collar small,dog collar boy,dog collar girl,green dog collar,dog collar large,bridal dog collar,safety dog collar,female dog collar,engraved dog collar",United States,2023-06-01,yes,no,no,BwnBwn,https://www.etsy.com/listing/1480078672/multiple-colour-velvet-personalise-dog
"Tiny Dog Collar, Teacup Dog Collar, Thin Dog Collar, Dainty Dog Collar, Whelping Collar ",20.95,0,4,7,0,59,6,"XXS Dog Collar,Tiny Dog Collar,Teacup Dog Collar,Thin Dog Collar,Dainty Dog Collar,Narrow Dog Collar,XS Puppy Collar,Puppy Collar Boy,Puppy Collar Girl,Chihuahua Dog Collar,Whelping Collar,Dog Litter Collars",United States,2023-06-15,yes,no,no,PreppyOwlCollarCo,https://www.etsy.com/listing/1503625161/tiny-dog-collar-teacup-dog-collar-thin
Personalized Dog Bone Toy with Squeaker Cute dog toy Personalized Dog Gift Custom dog toy Gift for you puppies ,16.0,0,0,4,4,118,22,"Bone,Toy,Squeaky,Personalised,Soft,Gift,Dog,Puppy,Present,Quality,Gift Ideas,Dog mama,Embroidery",United States,2023-07-13,yes,no,no,woowPET,https://www.etsy.com/listing/1507842232/personalized-dog-bone-toy-with-squeaker
"pet fur jewelry keepsake necklace ,pet memorial locket loss of pet, personalized memorial,  dog cat pet remembrance, pet fur jewelry ",19.95,0,207,31,1,335,6,"pet fur jewelry,pet death memorial,personalized pet,pet memories,pet ashes memorial,pet fur memorial,pet memorial,pet info,pet tag,animal tag,dog tag,hand stamped,personalized",United States,2023-03-24,yes,no,no,smmade,https://www.etsy.com/listing/1445667645/pet-fur-jewelry-keepsake-necklace-pet
Big Sis Custom Pregnancy announcement dog bandana with snap Im a Big sister cursive embroidered snap bandanna Pink embroidery personalized ,23.99,0,56,7,1,57,3,"custom dog bandana,personalized bandana,dog bandana,dog announcement,pregnancy news,big bro,big sis,big sister,custom embroidered,big brother,im a big sister,cursive embroidered,custom pregnancy",United States,2023-05-17,yes,no,no,CanoodleCompany,https://www.etsy.com/listing/1483873813/big-sis-custom-pregnancy-announcement
"Custom pet portrait, digital file pet portrait, historical pet portrait as funny pet lover gift, regal royal animal canvas painting ",8.3,0,540,101,8,1043,89,"custom pet portrait,pet portrait,pet portrait custom,personalize pet gift,dog memorial gifts,Cat Sketch,dog memorial,Digital Prints,puppy drawing,gifts for dog owners,cat lovers gift,Pet Sympathy Gift",United States,2023-06-08,yes,no,no,SweetSavoro,https://www.etsy.com/listing/1499077545/custom-pet-portrait-digital-file-pet
"Rainbow bridge pet, sun catcher, suncatcher pet memorial, personalized name, dog / cat/  pet remembrance, paw with saying and name ",28.0,0,0,80,10,496,64,"rainbow bridge gift,pet rainbow bridge,pet rainbow memories,rainbow bridge pet,pet death memorial,personalized pet,pet memories,pet memorial,pet info,animal tag,hand stamped,personalized,stained glass pet",United States,2023-06-02,yes,no,no,smmade,https://www.etsy.com/listing/1494777385/rainbow-bridge-pet-sun-catcher
"Custom pet portrait, digital file pet royal portrait, royal cat portrait, dog royal portrait as gift for pet lover ",7.99,0,0,17,0,36,0,"custom pet portrait,pet portrait,personalize pet gift,dog memorial gifts,Digital Prints,gifts for dog owners,Pet Sympathy Gift,royal pet portrait,pet portrait digital,royal cat portrait,dog royal portrait,funny dog portraits",United States,2023-07-07,yes,no,no,SweetSavoro,https://www.etsy.com/listing/1504297962/custom-pet-portrait-digital-file-pet
"Custom pet portrait, digital file pet royal portrait, royal cat portrait, dog royal portrait as gift for pet lover ",7.99,0,75,14,0,58,3,"custom pet portrait,pet portrait,personalize pet gift,dog memorial gifts,Digital Prints,gifts for dog owners,Pet Sympathy Gift,royal pet portrait,pet portrait digital,royal cat portrait,dog royal portrait,funny dog portraits",United States,2023-07-07,yes,no,no,SweetSavoro,https://www.etsy.com/listing/1504278248/custom-pet-portrait-digital-file-pet
"New! Loss of Pet Sympathy Gift| Pet Memorial Suncatcher| Custom Dog Breed Memorial Suncatcher| Engraved Dog Lovers Gift, Gift for Dog Lovers ",19.48,0,98,13,5,119,28,"window hangings,suncatcher,sun catcher,memorial,memorial gift,personalized,keepsake,pet death,Loss of dog,Dog memorial,dog remembrance gift,pet loss gift,light catcher",United States,2023-07-25,yes,no,no,Coocachoo,https://www.etsy.com/listing/1516187148/new-loss-of-pet-sympathy-gift-pet
"Purple Personalized Soft Velvet Cat Collar,Custom Engraved Kitten Name Safety Buckle,Adjustable Kitties Collar Leash,Free Gold Bell ",5.9,0,2,6,3,46,10,"cat collar,luxury cat collar,custom cat collar,soft cat collar,cat collar with bell,cat collar with bow,cat collar bell,velvet cat collar,cat collar with name,male cat collar,female cat collar,cat collar bow,engraved cat collar",United States,2023-07-19,yes,no,no,BwnBwn,https://www.etsy.com/listing/1512199282/purple-personalized-soft-velvet-cat
Pet Memorial Dog Collar Holder | Dog Loss Memorial Frame | Rainbow Bridge Sympathy Gift | Pet Keepsake | In Loving Memory ,48.0,0,0,32,3,329,26,"pet loss,dog collar holder,pet sympathy gift,rainbow bridge,loss of dog memorial,dog memorial frame,in loving memory,pet memorial,pet keepsake,if love alone could,have saved you,wrap around collar",United States,2023-07-02,yes,no,no,CestlEvi,https://www.etsy.com/listing/1515268319/pet-memorial-dog-collar-holder-dog-loss
"Digital file pet portrait, custom pet portrait, cat portrait, dog portrait, regal roya, dog canvas painting ",7.99,0,71,7,1,84,1,"custom pet portrait,pet portrait,pet portrait custom,personalize pet gift,dog memorial gifts,Cat Sketch,dog memorial,Digital Prints,puppy drawing,gifts for dog owners,cat lovers gift,Pet Sympathy Gift",United States,2023-06-10,yes,no,no,SweetSavoro,https://www.etsy.com/listing/1486281782/digital-file-pet-portrait-custom-pet
500g Russian/Chinese Dwarf Hamster Pellet-Free Food Mix | Robin's Gourmet Hamster Food Mixes ,24.95,0,44,22,1,25,1,"hamster,hamster food,natural hamster food,rodent food,natural pet food,pet food,hamster treat",United States,2023-06-07,yes,no,no,RobinsGourmetFood,https://www.etsy.com/listing/1497841879/500g-russianchinese-dwarf-hamster-pellet
"Promoted To Big Sister Dog Bandana, Pregnancy Announcement Dog Bandana, Custom Date Dog Bandana, Baby Announcement, Baby Announcement Pets. ",6.3,0,0,11,1,45,1,"birth announcement,dog announcement,moms pregnant,baby dog bandana,announcement picture,personalized,personalized gift,gender reveal,Sibling Dog Bandana,Baby on the way,baby reveal,promoted dog bandana,Baby News reveal",United States,2023-06-30,yes,no,no,WagginShop,https://www.etsy.com/listing/1499483912/promoted-to-big-sister-dog-bandana
Personalize Dog Collar Custom Made Embroidery With Name and Number ,12.99,0,35,5,0,9,0,"dog collar,designer dog collar,girl dog collar,boy dog collar,personalized collar,custom dog collar,embroidered collar,monogram dog collar,dog collar with name,fancy dog collar,pink dog collar,cute dog collar,dog ID tag",United States,2023-06-21,yes,no,no,GoGoCutePuppy,https://www.etsy.com/listing/1493752490/personalize-dog-collar-custom-made
Pink Barbie Dog Dress/Birthday dog dress/Party Dog Dress/Wedding Dog Dress ,50.0,0,10,5,0,47,0,"Barbie dog dress,pink dog dress,birthday dog dress,party dog dress,teacup dog dress,small dog dress,medium dog dress,large dog dress,wedding dog dress,therapy dog dress,black dog dress",United States,2023-07-25,yes,no,no,PrettyPawsApparel,https://www.etsy.com/listing/1516330284/pink-barbie-dog-dressbirthday-dog
"Colorful Butterfly Garden Sailor Bow Tie Set, Dog Bow, Bow Tie for Dog & Cat, or Hair Bow for Girl ",9.94,0,0,5,4,0,0,"colorful butterfly,dog birthday gifts,dog fashion bow,dog lover gifts,handmade bow,butterfly girl bow,butterfly sailor bow,garden butterfly bow,dog best friend gifs,party dog bowtie,fashion girl bow,butterfly dog hair,fashion dog hair bow",United States,2023-08-11,yes,no,no,LulusPawsAndSissy,https://www.etsy.com/listing/1541953741/colorful-butterfly-garden-sailor-bow-tie
"Personalized PNW Dog Collar, With Fabric and Leather Patch, Boho Pattern, Laser Engraved, Quick Release Buckle, Boy Dog Collar ",12.99,0,31,7,1,133,18,"bohemian Pattern,comfortable fabric,Gift Black Gold pet,Spring bronze orange,Vibrant pastel,Springtime Botanical,leather patch girly,light plastic quick,Aztec boy male teal,pnw mountains tree,line accessories,adventure realtree",United States,2023-06-30,yes,no,no,TagPup,https://www.etsy.com/listing/1514116725/personalized-pnw-dog-collar-with-fabric
"Custom Leather Dog Collar w/ Dog's Name, Dog Collar Personalized, Phone Number & Cute Icons - 6 Colors - Pet Gifts for Dog Lovers ",15.95,0,42,9,3,41,4,"leather dog collar,personalized collar,dog collar,custom dog collar,dog collar leather,large dog collar,brown leather collar,handmade dog collar,collar with name,dog accessories,dog supplies,pet gifts,name leather collar",United States,2023-07-24,yes,no,no,PersonalizationLab,https://www.etsy.com/listing/1515659604/custom-leather-dog-collar-w-dogs-name
BANKS Small: Luxury Hand Stamped Personalized Custom Pet ID Tags for Dogs and Cats in Solid Brass ,28.0,0,51,12,1,210,32,"Dog Tags For Dogs,Custom Dog Tag,Cat Tag,Engraved Dog Tag,Cat ID Tag,Personalized Dog Tag,Pet Tag,Pet ID Tag,Dog Name Tags,Gold Dog Tag,Pet Name Tag,Brass Dog Tag,Dog Tag",United States,2023-07-10,yes,no,no,blinkthings,https://www.etsy.com/listing/1520271535/banks-small-luxury-hand-stamped
"Pet Memorial Stone | Granite Headstone for your dog, cat or any pet | Marker also makes a great sympathy gift ",46.0,0,97,38,5,81,0,"Pet memorial,Dog memorial,Cat memorial,Pet headstone,Memorial stone,Pet memorial marker,Dog headstone,Pet memorial stone,dog memorial stone,Granite memorial,cat memorial stone,pet memorial gift,pet loss gift",United States,2023-06-22,yes,no,no,MeltonMemorials,https://www.etsy.com/listing/1494345076/pet-memorial-stone-granite-headstone-for
"Wooden pet hair keepsake, pet fur memorial box, pet loss gift, dog memorial gift, cat memorial gift ",20.16,0,13,16,0,204,3,"pet hair keepsake,pet fur keepsake,pet hair memorial,pet memorial box,cat hair memorial,dog hair keepsake,Cat Memorial,Pet Fur Keep Sake,Pet Remembrance,Small Keepsake,Pet Loss",United States,2023-07-07,yes,no,no,SweetSavoro,https://www.etsy.com/listing/1518435435/wooden-pet-hair-keepsake-pet-fur
Big Brother Custom Pregnancy announcement dog bandana with snap cursive embroidered I'm a Big bro snap bandanna embroidery personalized Cat ,23.99,0,28,7,0,27,0,"custom dog bandana,personalized bandana,dog bandana,dog announcement,pregnancy news,big brother,big bro,big sis,big sister,pregnancy dog,custom embroidered,im a big brother,cursive embroidered",United States,2023-06-14,yes,no,no,CanoodleCompany,https://www.etsy.com/listing/1502949881/big-brother-custom-pregnancy
"Promoted To Big Brother Dog Bandana, Pregnancy Announcement Dog Bandana, Custom Date Dog Bandana, Baby Announcement, Baby Announcement Pets. ",6.3,0,89,25,4,127,7,"birth announcement,dog announcement,moms pregnant,baby dog bandana,announcement picture,personalized,personalized gift,gender reveal,Sibling Dog Bandana,Baby on the way,baby reveal,promoted dog bandana,Baby News reveal",United States,2023-06-21,yes,no,no,WagginShop,https://www.etsy.com/listing/1507795661/promoted-to-big-brother-dog-bandana
"Barbie Inspired Pet Charms, Custom Dog Charm, Glitter Pink Personalized Pet Tag, Material Girl Pet Charm, Cute Femme Barbie Pet ID Tag ",10.0,0,41,16,1,375,24,"Dog Tag,Pet Tag,Cat Tag,Custom Pet Tag,Pet ID Tag,Pet Charm,Barbie Charm,Dog Charm,Cat Charm,Barbie Pet Charm",United States,2023-07-14,yes,no,no,CitrineSunrisePets,https://www.etsy.com/listing/1522993231/barbie-inspired-pet-charms-custom-dog
"Personalized Dog ID Tag, Soundless Silicone Pet Tag, Pet, Cat ID Tag For Collar ",5.0,0,119,35,7,31,3,"personalized tag,cat accessory,dog accessory,cat collar gift,dog collar gift,pet accessory,furry friend,color tag,cat tag,pet tag,dog tag,bone circle tag,fun pet",United States,2023-05-12,yes,no,no,thecraftyshambles,https://www.etsy.com/listing/1466653780/personalized-dog-id-tag-soundless
"Personalized 70s Style Dog Collar, Custom with Name Groovy Dog Collars ",12.99,0,34,5,5,264,60,"bohemian Pattern,Festival Chic Unique,Gift Black Gold pet,Spring bronze orange,70s boogie floral,wave geo disco,retro Funky 1970s,Dance party vibes,fashion Psychedelic,Bold Swirling 70,Geometric Paisley,Hippy inspired",United States,2023-08-03,yes,no,no,TagPup,https://www.etsy.com/listing/1536442423/personalized-70s-style-dog-collar-custom
Halloween Dog Bandana Personalized (Over the Collar) - Halloween Candy and Cookies / Halloween Cat Bandana / Gift for Pets / Slip on Bandana ,7.75,0,33,9,2,68,9,"Bandana,Dog Bandana,Over the collar,Halloween bandana,Cat bandana,Collar bandana,Fall Bandana,Halloween Dog,Halloween Cat,Halloween Dog Scarf,Personalized,Pumpkin,Ghost",United States,2023-07-20,yes,no,no,SmallTownCollection,https://www.etsy.com/listing/1512990842/halloween-dog-bandana-personalized-over
Custom Personalized Soft Flexible Nylon Embroidered Dog Collar ,9.99,0,21,22,5,30,2,"dog collar,designer dog collar,girl dog collar,boy dog collar,personalized collar,custom dog collar,embroidered collar,monogram dog collar,dog collar with name,fancy dog collar,pink dog collar,cute dog collar,dog ID tag",United States,2023-06-02,yes,no,no,GoGoCutePuppy,https://www.etsy.com/listing/1480488336/custom-personalized-soft-flexible-nylon
